license_number,provider_name,first_name,last_name,middle_name,suffix,license_type,specialty,secondary_specialty,status,issue_date,expiration_date,renewal_date,address_line1,address_city,address_state,address_zip,county,phone,email,medical_school,medical_school_graduation_year,residency_program,board_certification,languages,public_record,disciplinary_history,malpractice_insurance,hospital_affiliations,last_updated
A21395,"Rajesh Davis, MD",Rajesh,Davis,,MD,Physician and Surgeon,Pulmonology,,Expired,2020-07-28,2025-05-14,2024-12-20,4013 Hollywood Blvd,SAN FRANCISCO,CA,90002,Alameda,818  865.9928,,University of Michigan Medical School,1991,NewYork-Presbyterian Hospital,Pulmonology,"English, Mandarin",False,None,Yes,UCSF Medical Center,2025-05-07
A21915,"Joseph Chen, MD PhD",Joseph,Chen,,MD PhD,Physician and Surgeon,Cardiology,,Expired,2021-08-24,2023-04-07,2022-07-18,7020 Pico Blvd,Oakland,CA,91001,San Diego,(323) 457-1188,joseph.chen@email.com,Columbia University Vagelos College of Physicians and Surgeons,1986,UCLA Medical Center,Cardiology,"English, Spanish, Portuguese",True,None,No,UCSF Medical Center,2025-08-10
A36365,"David Shah, MD",David,Shah,,MD,Physician and Surgeon,Oncology,,Expired,2021-05-17,2024-09-30,2024-01-10,8728 Sunset Blvd,San Francisco,CA,93001,San Diego,(212) 802-4770,,Stanford University School of Medicine,2018,Massachusetts General Hospital,Oncology,"English, Spanish, Portuguese",True,None,Yes,,2025-08-06
A17455,"Christopher Brown, MD",Christopher,Brown,,MD,Physician and Surgeon,Pediatrics,Internal Medicine,Active,2020-11-25,2025-11-06,2025-04-11,937 Main St,Santa Ana,CA,94001,Sacramento,(424) 808-1651,christopher.brown@email.com,University of Michigan Medical School,1994,UCLA Medical Center,Pediatrics,"English, Spanish, Portuguese",True,None,Yes,UCSF Medical Center,2025-06-02
A30374,"Susan Smith, MD PhD",Susan,Smith,,MD PhD,Physician and Surgeon,Anesthesiology,Oncology,Expired,2021-12-25,2024-07-11,2024-04-13,1698 Sunset Blvd,Fresno,CA,90002,San Diego,(718) 849-7939,,NYU Grossman School of Medicine,2020,Mayo Clinic,Anesthesiology,English,False,None,Unknown,Kaiser Permanente,2025-03-13
A39831,"Fatima Perez, DO PhD",Fatima,Perez,,DO PhD,Physician and Surgeon,Family Medicine,,Expired,2020-11-11,2024-04-01,2023-07-22,4066 Melrose Ave,San Francisco,CA,90002,Los Angeles,626- 749-6425,fatima.perez@email.com,Johns Hopkins School of Medicine,2000,NewYork-Presbyterian Hospital,Family Medicine,English,False,None,Unknown,UCLA Medical Center,2025-03-31
A80575,"Karen Ramirez, MD PhD",Karen,Ramirez,,MD PhD,Physician and Surgeon,Pathology,,Expired,2020-08-22,2024-02-08,2023-07-22,5140 Rodeo Dr,San Diego,CA,92001,Alameda,(626) 618-6344,,Johns Hopkins School of Medicine,1985,Cleveland Clinic,,"English, Mandarin",True,None,Yes,,2025-05-04
A62383,"Thomas, Michael DO PhD",Michael,Thomas,,DO PhD,Physician and Surgeon,Urology,,Expired,2021-11-17,2024-05-14,2023-12-07,1194 Santa Monica Blvd,Oakland,CA,95001,Santa Clara,(917) 324-8478,,Yale School of Medicine,1987,UCLA Medical Center,,English,True,None,Unknown,Stanford Hospital,2025-03-16
A93579,"Wei Kumar, DO PhD",Wei,Kumar,B,DO PhD,Physician and Surgeon,Endocrinology,,Expired,2022-02-21,2024-07-21,2023-10-17,8977 Santa Monica Blvd,San Francisco,CA,93001,Contra Costa,929  753.2320,wei.kumar@email.com,UCLA David Geffen School of Medicine,2002,Mayo Clinic,Endocrinology,"English, Mandarin",True,None,Unknown,,2025-08-17
A21003,"Priya Sanchez, DO",Priya,Sanchez,D,DO,Physician and Surgeon,Dermatology,,Expired,2023-06-10,2025-05-27,2025-05-08,2092 Pico Blvd,Los Angeles,CA,92001,Fresno,(929) 979-7211,priya.sanchez@email.com,Stanford University School of Medicine,2000,Mount Sinai Hospital,,"English, Spanish, Portuguese",False,None,Unknown,Stanford Hospital,2025-03-23
A41266,"Thompson, Michael DO",Michael,Thompson,,DO,Physician and Surgeon,Nephrology,,Expired,2021-08-06,2023-09-16,2023-07-17,660 Main St,San Jose,CA,90004,Alameda,(818) 935-2876,michael.thompson@email.com,University of Michigan Medical School,2010,Massachusetts General Hospital,,"English, Mandarin",True,None,No,Cedars-Sinai Medical Center,2025-07-26
A99687,Dr. Priya Harris,Priya,Harris,,DO PhD,Physician and Surgeon,Otolaryngology,,Expired,2022-05-28,2023-09-05,2023-05-01,3250 Wilshire Blvd,San Jose,CA,90002,Riverside,213  701.2729,,Johns Hopkins School of Medicine,1989,UCSF Medical Center,,"English, Spanish, Portuguese",True,None,Unknown,Kaiser Permanente,2025-03-15
A50135,"Linda Shah, DO",Linda,Shah,,DO,Physician and Surgeon,Nephrology,,Expired,2022-06-13,2025-01-25,2024-03-19,8042 Santa Monica Blvd,Los Angeles,CA,90002,Sacramento,(347) 457-4777,,Stanford University School of Medicine,2000,Mayo Clinic,Nephrology,"English, Mandarin",True,None,Unknown,UCLA Medical Center,2025-08-27
A57301,"Patel, Maria MD PhD",Maria,Patel,,MD PhD,Physician and Surgeon,Anesthesiology,,Expired,2020-02-13,2024-01-03,2023-10-08,8596 Pico Blvd,Fresno,CA,90002,San Diego,(626) 970-9042,maria.patel@email.com,Columbia University Vagelos College of Physicians and Surgeons,1984,Mount Sinai Hospital,Anesthesiology,"English, Spanish",True,None,Unknown,,2025-06-28
A87832,"Wang, Charles MD",Charles,Wang,,MD,Physician and Surgeon,Anesthesiology,,Expired,2023-04-27,2025-08-20,2024-10-10,1626 Hollywood Blvd,San Jose,CA,90005,Fresno,(626) 402-7965,charles.wang@email.com,Columbia University Vagelos College of Physicians and Surgeons,2007,Mayo Clinic,Anesthesiology,"English, Spanish, Portuguese",True,None,Yes,Stanford Hospital,2025-08-28
A67424,"Christopher Singh, MD PhD",Christopher,Singh,,MD PhD,Physician and Surgeon,Cardiology,,Active,2021-09-15,2025-09-19,2025-04-24,8168 Santa Monica Blvd,LOS ANGELES,CA,90004,Contra Costa,718  430.2858,christopher.singh@email.com,UCSF School of Medicine,2011,NewYork-Presbyterian Hospital,Cardiology,"English, Spanish, Portuguese",False,None,Yes,UCLA Medical Center,2025-08-03
A27892,"Thomas Clark, DO PhD",Thomas,Clark,,DO PhD,Physician and Surgeon,Emergency Medicine,,Expired,2020-05-24,2023-05-23,2023-01-24,3994 Santa Monica Blvd,San Francisco,CA,92001,Fresno,(626) 701-3434,,NYU Grossman School of Medicine,1994,UCSF Medical Center,,"English, Mandarin",False,None,Unknown,UCLA Medical Center,2025-08-18
A73956,"Mary Yang, DO PhD",Mary,Yang,,DO PhD,Physician and Surgeon,Urology,,Expired,2020-09-30,2023-03-15,2022-10-03,5384 Ventura Blvd,Oakland,CA,91001,Sacramento,(646) 910-5906,,Harvard Medical School,1999,NewYork-Presbyterian Hospital,Urology,"English, Spanish",False,None,No,Kaiser Permanente,2025-05-22
A48780,"Taylor, Ahmed DO PhD",Ahmed,Taylor,,DO PhD,Physician and Surgeon,Family Medicine,,Expired,2022-10-09,2024-08-27,2023-10-30,3264 Rodeo Dr,Santa Ana,CA,90002,San Bernardino,(424) 560-4588,,Columbia University Vagelos College of Physicians and Surgeons,1977,Mayo Clinic,Family Medicine,"English, Spanish, Portuguese",True,None,No,Kaiser Permanente,2025-03-15
A64460,"Mohammed Williams, MD PhD",Mohammed,Williams,,MD PhD,Physician and Surgeon,Neurology,Internal Medicine,Expired,2020-04-23,2023-12-26,2023-02-28,547 Pico Blvd,Sacramento,CA,90003,Santa Clara,(347) 964-6549,mohammed.williams@email.com,Johns Hopkins School of Medicine,2016,Cleveland Clinic,,"English, Mandarin",True,None,No,Cedars-Sinai Medical Center,2025-06-04
A82641,"Thomas Gonzalez, MD",Thomas,Gonzalez,,MD,Physician and Surgeon,Otolaryngology,,Expired,2020-05-23,2024-02-29,2023-12-01,7451 Wilshire Blvd,San Jose,CA,95001,Sacramento,(323) 456-3858,thomas.gonzalez@email.com,Harvard Medical School,2008,UCLA Medical Center,Otolaryngology,"English, Spanish",False,None,No,Cedars-Sinai Medical Center,2025-05-08
A81874,"Fatima Lewis, MD",Fatima,Lewis,,MD,Physician and Surgeon,Oncology,,Expired,2020-02-18,2024-10-27,2024-05-31,5278 Pico Blvd,San Francisco,CA,90002,Los Angeles,(626) 866-4522,,UCLA David Geffen School of Medicine,2003,UCLA Medical Center,,"English, Mandarin",False,None,Yes,,2025-06-27
A45054,"James Moore, DO",James,Moore,C,DO,Physician and Surgeon,Orthopedic Surgery,,Expired,2019-10-04,2023-03-01,2022-12-14,9191 Pico Blvd,Los Angeles,CA,95001,San Diego,(718) 345-1502,james.moore@email.com,UCLA David Geffen School of Medicine,1995,Mount Sinai Hospital,Orthopedic Surgery,"English, Mandarin",True,None,Yes,UCSF Medical Center,2025-04-07
A98338,"Patricia Martin, MD PhD",Patricia,Martin,,MD PhD,Physician and Surgeon,Emergency Medicine,,Expired,2018-12-05,2023-06-17,2023-04-14,9300 Pico Blvd,SAN DIEGO,CA,90001,Los Angeles,(718) 553-8043,patricia.martin@email.com,UCSF School of Medicine,1979,NewYork-Presbyterian Hospital,,"English, Spanish",False,None,Unknown,,2025-04-27
A20308,"Yang, William DO PhD",William,Yang,B,DO PhD,Physician and Surgeon,Anesthesiology,,Expired,2021-10-11,2025-03-21,2025-01-03,5929 Wilshire Blvd,Oakland,CA,90002,Contra Costa,917- 994-6724,william.yang@email.com,Stanford University School of Medicine,2001,Mayo Clinic,Anesthesiology,English,False,None,Yes,Cedars-Sinai Medical Center,2025-06-18
A68838,"Liu, William DO",William,Liu,,DO,Physician and Surgeon,Anesthesiology,,Expired,2020-07-10,2024-10-23,2024-06-18,1235 Sunset Blvd,Santa Ana,CA,93001,Santa Clara,(929) 719-2215,,Harvard Medical School,1988,Massachusetts General Hospital,,"English, Spanish",True,None,Yes,UCLA Medical Center,2025-07-10
A35430,"Linda White, DO",Linda,White,,DO,Physician and Surgeon,Otolaryngology,,Expired,2021-10-12,2025-01-23,2024-09-18,4669 Santa Monica Blvd,San Jose,CA,940**,Los Angeles,(424) 341-5096,,Yale School of Medicine,1995,Johns Hopkins Hospital,,English,False,None,Unknown,Cedars-Sinai Medical Center,2025-07-22
A14847,"Jessica Perez, DO",Jessica,Perez,,DO,Physician and Surgeon,Neurology,,Expired,2022-01-31,2024-08-23,2024-04-11,7613 Santa Monica Blvd,San Francisco,CA,90003,San Diego,(347) 237-4131,,NYU Grossman School of Medicine,2014,NewYork-Presbyterian Hospital,,"English, Mandarin",True,None,Unknown,UCSF Medical Center,2025-06-24
A78062,"LINDA SANCHEZ, DO PHD",Linda,Sanchez,,DO PhD,Physician and Surgeon,Pediatrics,,Expired,2021-03-30,2024-06-30,2023-10-27,6335 Beverly Dr,San Francisco,CA,93001,San Diego,(718) 535-5843,,UCLA David Geffen School of Medicine,1981,Mayo Clinic,,"English, Mandarin",True,None,Unknown,Cedars-Sinai Medical Center,2025-05-23
A17518,"Patricia Lewis, MD",Patricia,Lewis,B,MD,Physician and Surgeon,Oncology,Emergency Medicine,Expired,2019-05-02,2023-06-03,2022-11-04,5777 Pico Blvd,Oakland,CA,90005,Contra Costa,(718) 441-7001,,Harvard Medical School,1984,Mayo Clinic,,"English, Spanish",False,None,No,,2025-05-29
A24869,"Patricia White, DO PhD",Patricia,White,,DO PhD,Physician and Surgeon,Orthopedic Surgery,,Expired,2019-02-01,2023-02-23,2022-04-13,9404 Sunset Blvd,Sacramento,CA,92001,Riverside,(424) 492-9047,,Stanford University School of Medicine,2008,Mount Sinai Hospital,Orthopedic Surgery,"English, Spanish, Portuguese",False,None,Unknown,Stanford Hospital,2025-04-10
A93584,"Elizabeth Garcia, MD PhD",Elizabeth,Garcia,,MD PhD,Physician and Surgeon,Pathology,,Expired,2022-06-22,2023-12-23,2023-07-16,1064 Ventura Blvd,Fresno,CA,90005,Los Angeles,(323) 786-7044,elizabeth.garcia@email.com,Stanford University School of Medicine,1977,Johns Hopkins Hospital,Pathology,"English, Spanish",True,None,Unknown,Stanford Hospital,2025-06-02
A99143,"AHMED PATEL, DO PHD",Ahmed,Patel,,DO PhD,Physician and Surgeon,Pathology,Pediatrics,Active,2021-01-03,2025-11-25,2025-04-23,9420 Wilshire Blvd,San Francisco,CA,91001,Los Angeles,(323) 356-5982,ahmed.patel@email.com,University of Pennsylvania Perelman School of Medicine,1996,UCLA Medical Center,Pathology,"English, Spanish, Portuguese",True,None,Yes,Stanford Hospital,2025-03-21
A28830,Dr. Charles Robinson,Charles,Robinson,,MD,Physician and Surgeon,Pediatrics,Nephrology,Expired,2021-12-01,2024-10-02,2024-09-29,2590 Santa Monica Blvd,Oakland,CA,93001,Los Angeles,310  325.5382,charles.robinson@email.com,Stanford University School of Medicine,2007,Massachusetts General Hospital,Pediatrics,"English, Mandarin",True,None,Unknown,UCSF Medical Center,2025-07-19
A72094,"CARLOS MARTINEZ, DO",Carlos,Martinez,,DO,Physician and Surgeon,Pulmonology,,Active,2022-10-23,2025-11-29,2025-02-17,6577 Ventura Blvd,Los Angeles,CA,90001,Fresno,(424) 957-5902,carlos.martinez@email.com,Yale School of Medicine,1985,Mount Sinai Hospital,,"English, Spanish, Portuguese",True,None,No,UCSF Medical Center,2025-07-23
A72350,Dr. Priya Singh,Priya,Singh,,DO,Physician and Surgeon,Neurology,,Expired,2022-11-30,2025-09-04,2025-01-21,861 Wilshire Blvd,Oakland,CA,91001,Santa Clara,(646) 627-3880,priya.singh@email.com,Johns Hopkins School of Medicine,1989,NewYork-Presbyterian Hospital,,"English, Spanish, Portuguese",False,None,Yes,UCLA Medical Center,2025-04-26
A27589,"Charles Wang, MD",Charles,Wang,,MD,Physician and Surgeon,Pulmonology,,Active,2024-08-31,2025-10-29,2025-04-23,5490 Melrose Ave,Santa Ana,CA,94001,San Bernardino,8185455833,,University of Michigan Medical School,2006,UCSF Medical Center,Pulmonology,"English, Spanish",True,None,No,,2025-06-20
A49576,"MARY GARCIA, DO PHD",Mary,Garcia,,DO PhD,Physician and Surgeon,Emergency Medicine,,Expired,2018-07-09,2023-01-24,2022-09-29,3028 Sunset Blvd,Santa Ana,CA,91001,Los Angeles,(818) 988-6095,mary.garcia@email.com,NYU Grossman School of Medicine,1999,Cleveland Clinic,Emergency Medicine,"English, Spanish",True,None,Yes,UCSF Medical Center,2025-07-18
A97044,"Barbara Martinez, DO PhD",Barbara,Martinez,,DO PhD,Physician and Surgeon,Psychiatry,,Expired,2020-09-10,2024-03-23,2023-04-03,9925 Beverly Dr,Oakland,CA,94001,Sacramento,(212) 760-9281,barbara.martinez@email.com,NYU Grossman School of Medicine,2009,Mount Sinai Hospital,Psychiatry,"English, Mandarin",True,None,Yes,Cedars-Sinai Medical Center,2025-07-19
A15183,"Rajesh Garcia, DO PhD",Rajesh,Garcia,D,DO PhD,Physician and Surgeon,Emergency Medicine,,Expired,2021-11-07,2023-05-30,2023-01-22,1515 Ventura Blvd,San Jose,CA,90001,Contra Costa,(917) 959-2922,,University of Michigan Medical School,2002,Cleveland Clinic,,English,True,None,Unknown,Cedars-Sinai Medical Center,2025-08-06
A12192,"Elizabeth White, MD",Elizabeth,White,,MD,Physician and Surgeon,Emergency Medicine,,Active,2022-01-28,2025-12-20,2025-04-11,7917 Santa Monica Blvd,Los Angeles,CA,90001,Contra Costa,(646) 446-4144,elizabeth.white@email.com,Columbia University Vagelos College of Physicians and Surgeons,1998,UCSF Medical Center,,"English, Spanish",False,None,Yes,UCSF Medical Center,2025-05-11
A72390,"JENNIFER ROBINSON, DO",Jennifer,Robinson,,DO,Physician and Surgeon,Family Medicine,,Expired,2020-11-03,2023-04-25,2022-09-20,3701 Melrose Ave,San Diego,CA,90001,San Diego,(917) 416-8790,jennifer.robinson@email.com,Columbia University Vagelos College of Physicians and Surgeons,2016,Massachusetts General Hospital,Family Medicine,"English, Spanish",True,None,No,UCLA Medical Center,2025-05-03
A61007,"John Wilson, DO",John,Wilson,,DO,Physician and Surgeon,Oncology,,Expired,2021-06-14,2024-11-10,2024-04-27,6526 Wilshire Blvd,Fresno,CA,90003,Contra Costa,929  819.7499,john.wilson@email.com,UCSF School of Medicine,1999,Mount Sinai Hospital,Oncology,"English, Mandarin",True,None,No,Kaiser Permanente,2025-07-20
A70562,"Rajesh Miller, DO",Rajesh,Miller,,DO,Physician and Surgeon,Oncology,,Expired,2022-08-11,2024-04-19,2023-12-22,3997 Ventura Blvd,San Francisco,CA,94001,Contra Costa,(213) 598-1072,rajesh.miller@email.com,Columbia University Vagelos College of Physicians and Surgeons,2005,Johns Hopkins Hospital,Oncology,"English, Mandarin",False,None,Unknown,Stanford Hospital,2025-06-29
A73788,"James Lopez, MD PhD",James,Lopez,C,MD PhD,Physician and Surgeon,Ophthalmology,,Expired,2020-11-29,2023-12-21,2023-10-08,8370 Rodeo Dr,Oakland,CA,95001,Riverside,(929) 209-8939,,Yale School of Medicine,1996,Mount Sinai Hospital,Ophthalmology,English,True,None,Yes,,2025-05-11
A89988,"Wei Thomas, MD PhD",Wei,Thomas,,MD PhD,Physician and Surgeon,Orthopedic Surgery,,Expired,2021-05-22,2025-05-26,2024-09-17,529 Santa Monica Blvd,Fresno,CA,910**,Fresno,(424) 751-3758,,University of Michigan Medical School,2002,NewYork-Presbyterian Hospital,,"English, Spanish, Portuguese",False,None,No,UCLA Medical Center,2025-07-02
A85684,"Wei Miller, DO",Wei,Miller,,DO,Physician and Surgeon,Gastroenterology,,Expired,2019-11-22,2024-07-04,2023-10-28,6744 Main St,Fresno,CA,90003,Orange,310- 535-1040,wei.miller@email.com,NYU Grossman School of Medicine,1987,Johns Hopkins Hospital,Gastroenterology,"English, Spanish, Portuguese",True,None,No,UCSF Medical Center,2025-08-30
A66260,"Thomas Garcia, MD PhD",Thomas,Garcia,,MD PhD,Physician and Surgeon,Cardiology,Oncology,Expired,2022-03-04,2023-07-06,2023-03-02,2712 Main St,Oakland,CA,90005,Los Angeles,(212) 208-6629,thomas.garcia@email.com,UCSF School of Medicine,2011,Johns Hopkins Hospital,,English,False,None,Yes,UCSF Medical Center,2025-04-16
A27984,"Carlos Jones, MD PhD",Carlos,Jones,A,MD PhD,Physician and Surgeon,Orthopedic Surgery,,Expired,2021-04-03,2023-01-24,2022-09-29,3910 Main St,SAN JOSE,CA,90002,San Bernardino,(818) 320-1480,carlos.jones@email.com,Yale School of Medicine,2003,Johns Hopkins Hospital,,English,False,None,Unknown,UCSF Medical Center,2025-04-24
A29441,"Charles Robinson, MD PhD",Charles,Robinson,,MD PhD,Physician and Surgeon,Psychiatry,Emergency Medicine,Expired,2020-02-17,2023-07-06,2023-02-26,1482 Sunset Blvd,Fresno,CA,95001,Santa Clara,(310) 769-5093,charles.robinson@email.com,Johns Hopkins School of Medicine,2011,Johns Hopkins Hospital,,English,True,None,No,,2025-08-17
A94840,"William Thompson, DO",William,Thompson,D,DO,Physician and Surgeon,Endocrinology,,Expired,2020-03-08,2024-08-27,2023-09-11,4506 Melrose Avenue,Santa Ana,CA,90003,Santa Clara,(917) 858-9614,william.thompson@email.com,NYU Grossman School of Medicine,1992,Mount Sinai Hospital,Endocrinology,English,True,None,Unknown,Kaiser Permanente,2025-03-17
A74517,"Mary Thompson, MD",Mary,Thompson,,MD,Physician and Surgeon,Orthopedic Surgery,,Expired,2020-09-17,2024-09-24,2023-12-09,5762 Pico Blvd,San Francisco,CA,95001,Fresno,(310) 200-6435,mary.thompson@email.com,NYU Grossman School of Medicine,2008,Mayo Clinic,Orthopedic Surgery,"English, Spanish",True,None,No,Stanford Hospital,2025-04-07
A86810,"John Martinez, DO",John,Martinez,C,DO,Physician and Surgeon,Radiology,,Expired,2019-11-18,2023-07-26,2023-03-19,8623 Beverly Dr,San Diego,CA,91001,Alameda,818  828.6846,john.martinez@email.com,Columbia University Vagelos College of Physicians and Surgeons,1996,NewYork-Presbyterian Hospital,Radiology,"English, Spanish, Portuguese",False,None,Yes,UCLA Medical Center,2025-04-13
A90134,"Maria Smith, DO PhD",Maria,Smith,,DO PhD,Physician and Surgeon,Otolaryngology,,Expired,2019-12-02,2024-03-28,2023-11-28,9298 Main St,San Francisco,CA,95001,Fresno,(626) 290-6500,,University of Pennsylvania Perelman School of Medicine,2003,Cleveland Clinic,Otolaryngology,English,False,None,Yes,Kaiser Permanente,2025-07-11
A74629,"Patricia Taylor, MD",Patricia,Taylor,,MD,Physician and Surgeon,Pathology,,Expired,2021-03-24,2025-02-14,2024-02-16,789 Rodeo Dr,Santa Ana,CA,92001,Fresno,(212) 501-1328,patricia.taylor@email.com,Stanford University School of Medicine,2013,UCLA Medical Center,,"English, Spanish",True,None,Yes,Cedars-Sinai Medical Center,2025-07-17
A39820,"Brown, Sarah DO",Sarah,Brown,D,DO,Physician and Surgeon,Oncology,,Expired,2022-04-02,2023-05-05,2022-09-25,1585 Wilshire Blvd,Sacramento,CA,94001,Alameda,(213) 931-1568,sarah.brown@email.com,UCSF School of Medicine,2013,Mayo Clinic,Oncology,"English, Spanish, Portuguese",False,None,Unknown,Cedars-Sinai Medical Center,2025-06-19
A75598,"LI MARTIN, DO PHD",Li,Martin,A,DO PhD,Physician and Surgeon,Oncology,,Expired,2022-02-25,2023-09-03,2023-04-08,5429 Beverly Dr,Fresno,CA,95001,Santa Clara,(424) 668-3346,,UCSF School of Medicine,2015,UCLA Medical Center,Oncology,English,False,None,Unknown,,2025-07-29
A16286,Dr. William Davis,William,Davis,,MD PhD,Physician and Surgeon,Family Medicine,,Expired,2020-04-26,2023-08-10,2022-08-29,613 Rodeo Dr,Fresno,CA,94001,San Diego,8183564366,william.davis@email.com,UCLA David Geffen School of Medicine,2000,Johns Hopkins Hospital,Family Medicine,English,False,None,No,UCLA Medical Center,2025-09-02
A48800,"Priya Shah, DO",Priya,Shah,,DO,Physician and Surgeon,Pulmonology,,Expired,2021-12-01,2024-06-24,2023-08-28,8384 Wilshire Blvd,San Diego,CA,900**,Alameda,(718) 976-1751,priya.shah@email.com,NYU Grossman School of Medicine,2010,UCLA Medical Center,Pulmonology,"English, Mandarin",True,None,Yes,Stanford Hospital,2025-05-15
A60556,"Thomas Garcia, MD PhD",Thomas,Garcia,,MD PhD,Physician and Surgeon,Gastroenterology,,Active,2020-12-08,2025-09-06,2025-07-31,2997 Wilshire Blvd,Oakland,CA,92001,Los Angeles,(424) 894-8178,,University of Michigan Medical School,1995,Massachusetts General Hospital,,"English, Mandarin",False,None,Unknown,Cedars-Sinai Medical Center,2025-03-06
A98857,"Mohammed Rodriguez, DO PhD",Mohammed,Rodriguez,,DO PhD,Physician and Surgeon,Otolaryngology,Pulmonology,Inactive,2023-09-07,2025-12-10,2025-03-08,1851 Rodeo Dr,Santa Ana,CA,90001,Santa Clara,3105547305,mohammed.rodriguez@email.com,Johns Hopkins School of Medicine,2016,Mount Sinai Hospital,Otolaryngology,"English, Mandarin",False,None,Unknown,Cedars-Sinai Medical Center,2025-05-31
A53512,"Karen Martin, DO",Karen,Martin,,DO,Physician and Surgeon,Pathology,,Expired,2023-07-25,2025-08-26,2025-03-29,7475 Beverly Dr,Sacramento,CA,90001,Contra Costa,(323) 582-2741,karen.martin@email.com,Johns Hopkins School of Medicine,1985,UCSF Medical Center,Pathology,"English, Spanish, Portuguese",True,None,No,Cedars-Sinai Medical Center,2025-04-20
A99573,"PRIYA CLARK, MD PHD",Priya,Clark,,MD PhD,Physician and Surgeon,Dermatology,,Expired,2020-04-12,2024-05-28,2023-08-13,6921 Main Street,San Diego,CA,90001,San Diego,(626) 957-4675,priya.clark@email.com,Yale School of Medicine,2002,NewYork-Presbyterian Hospital,,English,False,None,Unknown,Stanford Hospital,2025-07-18
A99837,"David Miller, DO",David,Miller,,DO,Physician and Surgeon,Cardiology,,Expired,2023-12-12,2025-05-18,2025-05-07,8815 Ventura Blvd,Los Angeles,CA,90002,Fresno,(718) 275-1889,david.miller@email.com,Stanford University School of Medicine,1985,Cleveland Clinic,,English,True,None,Unknown,UCSF Medical Center,2025-05-09
A80405,"Charles Martinez, MD PhD",Charles,Martinez,,MD PhD,Physician and Surgeon,Anesthesiology,,Expired,2018-12-10,2023-06-24,2023-03-21,6114 Main St,San Francisco,CA,90002,Alameda,(424) 458-4183,charles.martinez@email.com,Harvard Medical School,1984,Mount Sinai Hospital,Anesthesiology,English,False,None,Yes,Stanford Hospital,2025-06-02
A87280,"Jennifer Zhang, DO",Jennifer,Zhang,,DO,Physician and Surgeon,Dermatology,Nephrology,Expired,2021-11-14,2024-08-18,2023-12-29,9038 Melrose Ave,Santa Ana,CA,90003,San Bernardino,(424) 900-3717,,Johns Hopkins School of Medicine,1991,Mayo Clinic,Dermatology,"English, Spanish, Portuguese",False,None,Yes,Cedars-Sinai Medical Center,2025-08-09
A97632,"Priya Martinez, DO PhD",Priya,Martinez,,DO PhD,Physician and Surgeon,Endocrinology,,Expired,2019-07-19,2024-02-28,2023-04-23,663 Hollywood Blvd,Santa Ana,CA,90004,Fresno,(626) 480-5314,priya.martinez@email.com,UCLA David Geffen School of Medicine,1995,UCLA Medical Center,Endocrinology,"English, Spanish, Portuguese",False,None,Yes,Kaiser Permanente,2025-05-03
A29249,"Maria Davis, DO PhD",Maria,Davis,,DO PhD,Physician and Surgeon,Orthopedic Surgery,,Expired,2019-01-08,2023-04-25,2022-12-11,7849 Hollywood Blvd,San Francisco,CA,92001,Santa Clara,(917) 659-8723,maria.davis@email.com,UCLA David Geffen School of Medicine,2005,Mayo Clinic,Orthopedic Surgery,English,False,None,No,Stanford Hospital,2025-08-22
A82165,"James Anderson, DO PhD",James,Anderson,D,DO PhD,Physician and Surgeon,Orthopedic Surgery,Pathology,Expired,2019-06-17,2023-04-17,2022-08-06,2651 Wilshire Blvd,San Jose,CA,94001,Los Angeles,(347) 427-7075,,UCLA David Geffen School of Medicine,1996,NewYork-Presbyterian Hospital,Orthopedic Surgery,English,True,None,Yes,,2025-06-07
A38885,"Carlos Robinson, DO PhD",Carlos,Robinson,,DO PhD,Physician and Surgeon,Radiology,,Expired,2022-12-29,2024-04-15,2024-02-06,449 Santa Monica Blvd,San Diego,CA,90005,San Bernardino,(213) 889-6603,,NYU Grossman School of Medicine,1987,UCLA Medical Center,Radiology,"English, Spanish",True,None,Unknown,UCSF Medical Center,2025-06-23
A44048,"Rodriguez, Barbara MD PhD",Barbara,Rodriguez,,MD PhD,Physician and Surgeon,Pathology,,Expired,2021-04-21,2025-01-09,2024-04-20,4916 Melrose Ave,Los Angeles,CA,92001,Orange,(917) 790-9821,barbara.rodriguez@email.com,NYU Grossman School of Medicine,1996,Mount Sinai Hospital,,"English, Spanish, Portuguese",True,None,No,Cedars-Sinai Medical Center,2025-05-26
A72021,"Maria Thomas, MD PhD",Maria,Thomas,,MD PhD,Physician and Surgeon,Family Medicine,,Expired,2019-04-07,2023-04-21,2022-10-12,1312 Hollywood Blvd,San Francisco,CA,92001,Los Angeles,(347) 434-5053,maria.thomas@email.com,Johns Hopkins School of Medicine,1992,Mayo Clinic,,"English, Mandarin",True,None,Unknown,UCSF Medical Center,2025-09-02
A27709,"John Williams, MD PhD",John,Williams,,MD PhD,Physician and Surgeon,Otolaryngology,Pediatrics,Expired,2020-05-24,2023-12-29,2023-07-21,5329 Santa Monica Blvd,Santa Ana,CA,94001,Orange,(323) 432-2467,john.williams@email.com,UCLA David Geffen School of Medicine,1997,NewYork-Presbyterian Hospital,,"English, Mandarin",True,None,No,Cedars-Sinai Medical Center,2025-04-10
A52425,"Williams, Mohammed DO PhD",Mohammed,Williams,,DO PhD,Physician and Surgeon,Pulmonology,,Expired,2024-06-11,2025-08-17,2024-10-18,9160 Melrose Ave,Santa Ana,CA,90004,Santa Clara,(323) 575-8439,,Harvard Medical School,2009,UCLA Medical Center,,"English, Spanish, Portuguese",False,None,Unknown,Cedars-Sinai Medical Center,2025-04-26
A29356,"Patricia Yang, DO PhD",Patricia,Yang,,DO PhD,Physician and Surgeon,Family Medicine,,Expired,2021-11-12,2024-08-12,2024-03-15,7217 Main St,San Jose,CA,90004,Riverside,(917) 408-9952,,UCSF School of Medicine,1984,Mayo Clinic,,"English, Spanish, Portuguese",False,None,Unknown,UCLA Medical Center,2025-05-20
A78656,"Sarah Martinez, DO PhD",Sarah,Martinez,C,DO PhD,Physician and Surgeon,Gastroenterology,,Expired,2019-06-04,2023-10-04,2023-03-07,9919 Beverly Dr,Santa Ana,CA,94001,San Diego,929- 349-1483,,Columbia University Vagelos College of Physicians and Surgeons,1990,Mount Sinai Hospital,,"English, Spanish",False,None,No,Kaiser Permanente,2025-08-12
A34884,"Thomas, Mohammed DO PhD",Mohammed,Thomas,,DO PhD,Physician and Surgeon,Pulmonology,Ophthalmology,Expired,2023-06-09,2024-08-19,2023-09-15,644 Ventura Blvd,Oakland,CA,94001,Fresno,(818) 729-3330,mohammed.thomas@email.com,Yale School of Medicine,2014,Johns Hopkins Hospital,,English,False,None,Yes,,2025-06-02
A53150,"Mohammed Harris, MD",Mohammed,Harris,,MD,Physician and Surgeon,Gastroenterology,,Active,2022-01-07,2025-12-15,2025-06-26,9019 Wilshire Blvd,Fresno,CA,93001,Orange,(310) 941-5705,mohammed.harris@email.com,Yale School of Medicine,2004,UCLA Medical Center,,"English, Spanish, Portuguese",False,Yes - See Details,No,Cedars-Sinai Medical Center,2025-05-16
A94626,"Maria Wang, MD",Maria,Wang,,MD,Physician and Surgeon,Nephrology,,Expired,2019-06-20,2023-10-06,2023-05-31,3179 Beverly Dr,Sacramento,CA,93001,San Bernardino,(424) 942-6169,,University of Michigan Medical School,2003,UCLA Medical Center,Nephrology,"English, Spanish",False,Yes - See Details,No,UCLA Medical Center,2025-05-28
A78632,"Elizabeth Kumar, MD",Elizabeth,Kumar,,MD,Physician and Surgeon,Radiology,,Expired,2020-03-16,2024-09-27,2024-07-19,8193 Sunset Blvd,San Jose,CA,91001,Contra Costa,(718) 204-6095,elizabeth.kumar@email.com,UCSF School of Medicine,1997,Massachusetts General Hospital,Radiology,English,False,None,No,,2025-08-21
A16613,"William Jones, MD PhD",William,Jones,,MD PhD,Physician and Surgeon,Oncology,,Expired,2020-01-29,2023-08-05,2023-01-31,5550 Ventura Blvd,Santa Ana,CA,900**,Alameda,(929) 519-6444,william.jones@email.com,University of Michigan Medical School,1987,Mayo Clinic,Oncology,"English, Spanish",True,None,Unknown,UCSF Medical Center,2025-06-11
A26718,"ANA MARTIN, DO PHD",Ana,Martin,,DO PhD,Physician and Surgeon,Internal Medicine,,Expired,2020-02-15,2024-08-25,2023-09-19,5641 Wilshire Blvd,Los Angeles,CA,95001,Fresno,(917) 642-7459,ana.martin@email.com,UCLA David Geffen School of Medicine,1995,UCSF Medical Center,,English,True,Yes - See Details,No,Kaiser Permanente,2025-05-26
A85230,"Jones, Rajesh MD PhD",Rajesh,Jones,,MD PhD,Physician and Surgeon,Gastroenterology,,Expired,2023-01-23,2024-11-09,2024-03-27,5629 Ventura Blvd,Los Angeles,CA,93001,Alameda,2128448752,rajesh.jones@email.com,Harvard Medical School,1983,NewYork-Presbyterian Hospital,Gastroenterology,"English, Spanish",True,None,Unknown,UCSF Medical Center,2025-07-05
A25203,"Carlos Harris, DO",Carlos,Harris,,DO,Physician and Surgeon,Orthopedic Surgery,Orthopedic Surgery,Expired,2020-10-17,2023-04-18,2023-04-18,2741 Hollywood Blvd,Sacramento,CA,90001,San Diego,(310) 468-3378,,Columbia University Vagelos College of Physicians and Surgeons,2019,Mount Sinai Hospital,,"English, Spanish, Portuguese",False,None,Unknown,UCSF Medical Center,2025-08-18
A67747,"CARLOS JONES, MD PHD",Carlos,Jones,,MD PhD,Physician and Surgeon,Nephrology,Cardiology,Expired,2018-06-21,2023-05-23,2022-12-02,6272 Rodeo Dr,Sacramento,CA,90001,Riverside,(917) 828-2740,,Harvard Medical School,2013,Johns Hopkins Hospital,,"English, Mandarin",False,None,Unknown,UCSF Medical Center,2025-08-25
A48005,"Charles Sanchez, MD",Charles,Sanchez,,MD,Physician and Surgeon,Orthopedic Surgery,,Expired,2022-11-23,2024-02-20,2023-07-09,1486 Beverly Dr,Sacramento,CA,90002,Riverside,(718) 847-8175,,Harvard Medical School,2009,Cleveland Clinic,Orthopedic Surgery,English,False,None,Unknown,,2025-06-01
A59221,"Maria Lee, DO",Maria,Lee,,DO,Physician and Surgeon,Pediatrics,,Expired,2021-12-11,2024-03-27,2024-03-03,5344 Hollywood Blvd,San Diego,CA,90004,Los Angeles,(646) 596-7119,,NYU Grossman School of Medicine,2006,NewYork-Presbyterian Hospital,,"English, Spanish",False,None,Yes,UCLA Medical Center,2025-03-10
A76088,"Sarah Anderson, DO",Sarah,Anderson,B,DO,Physician and Surgeon,Gastroenterology,Internal Medicine,Expired,2021-07-11,2023-03-10,2022-11-21,84 Rodeo Dr,Los Angeles,CA,90001,Alameda,(212) 909-7662,sarah.anderson@email.com,Columbia University Vagelos College of Physicians and Surgeons,1994,Cleveland Clinic,Gastroenterology,"English, Mandarin",True,None,No,,2025-03-29
A36832,"Jennifer White, DO PhD",Jennifer,White,,DO PhD,Physician and Surgeon,Radiology,,Expired,2021-07-15,2023-10-11,2022-11-30,5990 Beverly Dr,San Francisco,CA,94001,Fresno,(347) 715-7929,,NYU Grossman School of Medicine,2012,UCLA Medical Center,Radiology,"English, Mandarin",False,None,Yes,UCSF Medical Center,2025-03-11
A43804,"Joseph Johnson, MD",Joseph,Johnson,C,MD,Physician and Surgeon,Cardiology,Internal Medicine,Expired,2023-11-06,2025-09-01,2025-02-05,8079 Wilshire Blvd,Sacramento,CA,95001,Sacramento,(929) 672-3219,joseph.johnson@email.com,Columbia University Vagelos College of Physicians and Surgeons,2013,UCLA Medical Center,Cardiology,English,True,None,No,Kaiser Permanente,2025-08-18
A79315,"PATRICIA THOMPSON, DO",Patricia,Thompson,,DO,Physician and Surgeon,Pulmonology,Psychiatry,Expired,2020-10-03,2024-03-20,2023-07-19,3963 Ventura Blvd,San Diego,CA,90002,Contra Costa,(818) 803-4033,patricia.thompson@email.com,NYU Grossman School of Medicine,2008,UCSF Medical Center,Pulmonology,"English, Spanish",True,None,No,UCSF Medical Center,2025-04-07
A80848,"Carlos Singh, DO PhD",Carlos,Singh,,DO PhD,Physician and Surgeon,Internal Medicine,Oncology,Expired,2020-01-01,2023-02-06,2022-05-31,3309 Melrose Ave,Santa Ana,CA,93001,Sacramento,(212) 381-5965,carlos.singh@email.com,UCLA David Geffen School of Medicine,1988,Mayo Clinic,Internal Medicine,"English, Mandarin",False,None,Yes,,2025-06-05
A67602,"Wei Zhang, DO PhD",Wei,Zhang,,DO PhD,Physician and Surgeon,Emergency Medicine,,Expired,2023-11-19,2025-04-16,2024-11-07,3866 Rodeo Dr,San Jose,CA,90003,San Bernardino,310- 899-5036,wei.zhang@email.com,UCSF School of Medicine,1994,UCLA Medical Center,Emergency Medicine,"English, Spanish",False,None,Unknown,UCSF Medical Center,2025-07-17
A57560,"Rajesh Liu, MD",Rajesh,Liu,D,MD,Physician and Surgeon,Ophthalmology,,Expired,2019-03-02,2023-09-07,2023-06-23,896 Hollywood Blvd,Fresno,CA,94001,Riverside,(347) 415-3625,,Harvard Medical School,1992,NewYork-Presbyterian Hospital,,"English, Mandarin",True,None,Unknown,Cedars-Sinai Medical Center,2025-04-09
A81791,"BARBARA CLARK, MD PHD",Barbara,Clark,A,MD PhD,Physician and Surgeon,Pulmonology,Ophthalmology,Expired,2020-01-15,2024-10-31,2024-01-21,1645 Sunset Blvd,FRESNO,CA,94001,Alameda,(929) 789-2347,barbara.clark@email.com,Yale School of Medicine,2004,Mayo Clinic,Pulmonology,English,True,None,Yes,Cedars-Sinai Medical Center,2025-05-27
A62108,"Charles Taylor, DO",Charles,Taylor,,DO,Physician and Surgeon,Oncology,,Expired,2021-12-16,2024-03-10,2024-03-07,4069 Beverly Dr,Santa Ana,CA,90002,San Bernardino,(917) 682-6804,,Columbia University Vagelos College of Physicians and Surgeons,2018,UCSF Medical Center,Oncology,"English, Spanish, Portuguese",False,None,Unknown,Kaiser Permanente,2025-04-16
A71352,"Priya White, DO",Priya,White,,DO,Physician and Surgeon,Pediatrics,Otolaryngology,Expired,2019-07-28,2023-09-28,2022-11-29,9168 Main St,San Francisco,CA,90005,Alameda,(310) 487-6907,priya.white@email.com,University of Michigan Medical School,2001,NewYork-Presbyterian Hospital,,English,True,Yes - See Details,Yes,Stanford Hospital,2025-03-15
A14700,"Linda Hernandez, MD PhD",Linda,Hernandez,,MD PhD,Physician and Surgeon,Emergency Medicine,,Expired,2023-08-21,2025-08-21,2025-06-10,8050 Sunset Blvd,Santa Ana,CA,90001,Sacramento,(310) 668-9077,linda.hernandez@email.com,NYU Grossman School of Medicine,2009,Johns Hopkins Hospital,Emergency Medicine,"English, Spanish",True,None,No,Cedars-Sinai Medical Center,2025-03-09
A17279,"Karen Lewis, MD PhD",Karen,Lewis,,MD PhD,Physician and Surgeon,Ophthalmology,Pathology,Expired,2022-05-23,2023-05-25,2023-03-04,9326 Sunset Blvd,San Jose,CA,90001,Riverside,(212) 413-3669,,Johns Hopkins School of Medicine,1998,Johns Hopkins Hospital,,English,True,None,Unknown,UCLA Medical Center,2025-08-08
A74175,"Ana Ramirez, MD PhD",Ana,Ramirez,,MD PhD,Physician and Surgeon,Oncology,Pathology,Expired,2021-02-02,2025-07-01,2024-10-06,9888 Sunset Blvd,Sacramento,CA,90002,San Diego,(646) 644-7979,ana.ramirez@email.com,NYU Grossman School of Medicine,1985,Mount Sinai Hospital,Oncology,English,False,None,No,Cedars-Sinai Medical Center,2025-08-05
A68361,"Rajesh Thomas, DO PhD",Rajesh,Thomas,,DO PhD,Physician and Surgeon,Nephrology,,Inactive,2023-07-15,2025-09-20,2024-12-13,8825 Hollywood Blvd,San Diego,CA,90005,San Diego,(929) 208-2682,,UCSF School of Medicine,1992,NewYork-Presbyterian Hospital,,"English, Spanish, Portuguese",False,None,Unknown,Cedars-Sinai Medical Center,2025-05-28
A24938,"Michael Johnson, MD PhD",Michael,Johnson,,MD PhD,Physician and Surgeon,Cardiology,,Expired,2023-01-09,2024-04-09,2023-10-19,5850 Sunset Blvd,San Francisco,CA,94001,Riverside,(646) 906-9444,michael.johnson@email.com,UCSF School of Medicine,2013,Mount Sinai Hospital,Cardiology,"English, Spanish",True,None,No,Kaiser Permanente,2025-07-25
A57400,"Ana Yang, MD",Ana,Yang,,MD,Physician and Surgeon,Anesthesiology,Endocrinology,Expired,2019-08-15,2023-11-18,2023-06-30,688 Ventura Blvd,San Diego,CA,90003,Santa Clara,(917) 649-7811,,NYU Grossman School of Medicine,1988,NewYork-Presbyterian Hospital,Anesthesiology,English,True,Yes - See Details,Yes,UCLA Medical Center,2025-05-03
A39908,"Moore, David MD PhD",David,Moore,,MD PhD,Physician and Surgeon,Family Medicine,,Expired,2021-10-12,2023-10-10,2023-01-09,6800 Beverly Dr,San Jose,CA,90003,Orange,(818) 729-2140,,UCLA David Geffen School of Medicine,1999,Mayo Clinic,,"English, Spanish",True,None,Yes,UCSF Medical Center,2025-06-23
A82562,"Jennifer Williams, DO",Jennifer,Williams,,DO,Physician and Surgeon,Radiology,,Expired,2022-02-23,2024-09-15,2023-12-22,948 Ventura Blvd,Fresno,CA,92001,San Diego,3238398244,jennifer.williams@email.com,University of Pennsylvania Perelman School of Medicine,1993,NewYork-Presbyterian Hospital,,"English, Spanish",True,None,Unknown,,2025-08-30
A54657,"Jessica Perez, DO PhD",Jessica,Perez,A,DO PhD,Physician and Surgeon,Family Medicine,,Expired,2022-08-13,2023-11-24,2023-09-18,2065 Ventura Blvd,Fresno,CA,90004,Orange,(818) 261-7110,,Harvard Medical School,2010,Johns Hopkins Hospital,,"English, Mandarin",True,None,Yes,UCLA Medical Center,2025-05-30
A49748,"Jessica White, MD",Jessica,White,,MD,Physician and Surgeon,Nephrology,,Expired,2023-06-03,2024-08-25,2023-12-12,6695 Wilshire Blvd,San Diego,CA,91001,San Diego,646  957.9008,jessica.white@email.com,NYU Grossman School of Medicine,1985,Johns Hopkins Hospital,Nephrology,"English, Spanish, Portuguese",False,None,Yes,,2025-08-19
A75881,"Sarah Martin, MD",Sarah,Martin,C,MD,Physician and Surgeon,Cardiology,,Expired,2018-10-09,2023-02-08,2022-08-10,1396 Hollywood Blvd,Los Angeles,CA,95001,Alameda,(323) 821-6249,,Harvard Medical School,1989,UCLA Medical Center,Cardiology,"English, Spanish",True,None,Unknown,Cedars-Sinai Medical Center,2025-03-20
A98486,"Kumar, Carlos DO PhD",Carlos,Kumar,,DO PhD,Physician and Surgeon,Psychiatry,,Expired,2020-03-28,2023-07-27,2023-06-20,4413 Main St,Sacramento,CA,93001,Sacramento,(646) 582-9854,carlos.kumar@email.com,UCLA David Geffen School of Medicine,1982,Mount Sinai Hospital,Psychiatry,English,True,None,Unknown,UCLA Medical Center,2025-08-03
A59827,"Wei Robinson, MD PhD",Wei,Robinson,D,MD PhD,Physician and Surgeon,Neurology,,Expired,2023-10-23,2024-12-20,2024-11-16,2743 Main St,Los Angeles,CA,93001,Fresno,(718) 604-3014,wei.robinson@email.com,University of Pennsylvania Perelman School of Medicine,1992,UCLA Medical Center,,"English, Spanish",True,None,Yes,Cedars-Sinai Medical Center,2025-05-18
A39035,"Patricia Harris, DO",Patricia,Harris,C,DO,Physician and Surgeon,Emergency Medicine,,Expired,2019-04-21,2023-02-10,2022-08-06,139 Wilshire Blvd,Santa Ana,CA,91001,Alameda,(212) 487-9074,,University of Pennsylvania Perelman School of Medicine,2017,UCSF Medical Center,Emergency Medicine,"English, Spanish, Portuguese",True,None,Unknown,Stanford Hospital,2025-07-25
A63884,"LINDA JONES, MD",Linda,Jones,,MD,Physician and Surgeon,Urology,,Expired,2021-04-12,2024-04-22,2023-11-28,9163 Main St,Fresno,CA,92001,San Bernardino,(929) 866-1425,linda.jones@email.com,University of Pennsylvania Perelman School of Medicine,1983,Johns Hopkins Hospital,,"English, Spanish, Portuguese",False,None,Yes,,2025-06-16
A68277,"Karen Jones, DO",Karen,Jones,,DO,Physician and Surgeon,Psychiatry,,Expired,2021-12-26,2024-01-16,2023-07-24,2065 Ventura Blvd,Fresno,CA,91001,Los Angeles,(347) 797-9866,karen.jones@email.com,Columbia University Vagelos College of Physicians and Surgeons,1986,UCLA Medical Center,Psychiatry,"English, Spanish, Portuguese",True,None,Yes,UCLA Medical Center,2025-05-27
A53452,"Smith, Fatima DO",Fatima,Smith,A,DO,Physician and Surgeon,Neurology,,Expired,2023-08-12,2025-02-08,2024-07-13,7644 Pico Blvd,San Jose,CA,90004,Orange,(718) 345-5760,,NYU Grossman School of Medicine,1981,Massachusetts General Hospital,Neurology,"English, Mandarin",False,None,Yes,,2025-04-24
A93380,"James Martinez, DO",James,Martinez,,DO,Physician and Surgeon,Internal Medicine,Nephrology,Expired,2019-10-21,2024-05-15,2023-07-16,3141 Ventura Blvd,Oakland,CA,91001,Fresno,626  486.3071,james.martinez@email.com,Stanford University School of Medicine,2003,Mount Sinai Hospital,,"English, Spanish, Portuguese",True,None,Unknown,UCSF Medical Center,2025-08-12
A59005,"David Hernandez, DO PhD",David,Hernandez,,DO PhD,Physician and Surgeon,Nephrology,,Active,2021-09-30,2025-12-12,2025-09-01,8343 Beverly Dr,Santa Ana,CA,94001,Contra Costa,(917) 662-4840,david.hernandez@email.com,UCLA David Geffen School of Medicine,2000,UCSF Medical Center,Nephrology,"English, Spanish",False,None,Yes,UCSF Medical Center,2025-03-16
A98487,"Patricia Garcia, MD PhD",Patricia,Garcia,A,MD PhD,Physician and Surgeon,Emergency Medicine,,Expired,2022-08-03,2024-11-05,2024-10-19,8402 Ventura Blvd,San Diego,CA,90005,Riverside,(347) 554-7616,patricia.garcia@email.com,Yale School of Medicine,1988,Mayo Clinic,Emergency Medicine,"English, Spanish, Portuguese",False,None,Unknown,UCSF Medical Center,2025-05-31
A69183,"Fatima Rodriguez, DO",Fatima,Rodriguez,,DO,Physician and Surgeon,Pediatrics,,Expired,2021-07-09,2024-09-15,2024-05-01,5411 Pico Blvd,Oakland,CA,92001,Sacramento,(917) 271-7322,fatima.rodriguez@email.com,Columbia University Vagelos College of Physicians and Surgeons,2003,Johns Hopkins Hospital,Pediatrics,"English, Spanish, Portuguese",False,None,Unknown,UCSF Medical Center,2025-07-13
A58330,"Mohammed Sharma, MD PhD",Mohammed,Sharma,,MD PhD,Physician and Surgeon,Cardiology,,Expired,2021-01-31,2023-06-06,2023-01-19,1094 Hollywood Blvd,Santa Ana,CA,92001,Alameda,(310) 227-2199,mohammed.sharma@email.com,NYU Grossman School of Medicine,1992,UCSF Medical Center,,"English, Spanish, Portuguese",True,None,No,UCLA Medical Center,2025-08-13
A66083,Dr. Linda Kumar,Linda,Kumar,,MD,Physician and Surgeon,Psychiatry,,Expired,2020-08-09,2023-09-05,2022-10-24,5287 Ventura Blvd,San Jose,CA,95001,San Bernardino,(213) 417-8516,linda.kumar@email.com,University of Michigan Medical School,2001,UCLA Medical Center,Psychiatry,"English, Spanish",False,None,No,UCSF Medical Center,2025-04-08
A97163,"Carlos Johnson, DO",Carlos,Johnson,,DO,Physician and Surgeon,Psychiatry,Psychiatry,Expired,2021-09-13,2024-05-23,2024-05-17,5428 Beverly Dr,San Jose,CA,90004,Sacramento,(718) 397-1853,,Johns Hopkins School of Medicine,2005,Johns Hopkins Hospital,Psychiatry,"English, Spanish",True,None,Unknown,Kaiser Permanente,2025-08-03
A70771,"John Harris, DO PhD",John,Harris,B,DO PhD,Physician and Surgeon,Pulmonology,Emergency Medicine,Expired,2021-07-23,2024-09-18,2023-10-21,4919 Pico Blvd,San Francisco,CA,94001,Contra Costa,917  358.4106,john.harris@email.com,NYU Grossman School of Medicine,1987,Mount Sinai Hospital,Pulmonology,"English, Spanish",False,None,No,UCSF Medical Center,2025-06-15
A78807,"Wilson, Maria DO PhD",Maria,Wilson,,DO PhD,Physician and Surgeon,Anesthesiology,,Expired,2021-10-19,2025-05-03,2024-09-11,106 Sunset Blvd,Santa Ana,CA,90001,Riverside,(323) 312-8383,maria.wilson@email.com,University of Pennsylvania Perelman School of Medicine,2009,Massachusetts General Hospital,Anesthesiology,English,True,None,Unknown,UCSF Medical Center,2025-07-22
A54846,"Clark, Thomas DO PhD",Thomas,Clark,,DO PhD,Physician and Surgeon,Otolaryngology,,Expired,2021-09-21,2023-03-02,2023-01-14,1790 Sunset Blvd,San Diego,CA,90005,Contra Costa,2122994458,thomas.clark@email.com,University of Michigan Medical School,1995,NewYork-Presbyterian Hospital,Otolaryngology,"English, Spanish",False,None,Unknown,UCSF Medical Center,2025-07-19
A90293,"John Lee, MD",John,Lee,,MD,Physician and Surgeon,Pathology,,Expired,2019-08-16,2023-06-16,2022-07-03,750 Beverly Dr,Santa Ana,CA,90004,Sacramento,(424) 933-9267,john.lee@email.com,Stanford University School of Medicine,1986,NewYork-Presbyterian Hospital,Pathology,"English, Spanish",True,None,Unknown,Cedars-Sinai Medical Center,2025-03-09
A21722,"Li Robinson, DO",Li,Robinson,,DO,Physician and Surgeon,Gastroenterology,,Expired,2020-09-05,2023-08-05,2023-04-14,1896 Santa Monica Blvd,San Jose,CA,90004,Sacramento,(626) 339-9757,li.robinson@email.com,NYU Grossman School of Medicine,2014,Cleveland Clinic,,"English, Spanish, Portuguese",False,None,No,UCLA Medical Center,2025-07-15
A24599,"David Perez, DO PhD",David,Perez,,DO PhD,Physician and Surgeon,Cardiology,,Expired,2021-11-16,2023-07-02,2023-06-09,6253 Ventura Blvd,Oakland,CA,90004,Santa Clara,818  201.6092,,UCLA David Geffen School of Medicine,1993,UCLA Medical Center,Cardiology,English,True,None,No,UCSF Medical Center,2025-03-20
A30865,"Robert Wilson, DO",Robert,Wilson,A,DO,Physician and Surgeon,Ophthalmology,,Expired,2021-11-13,2023-02-14,2022-03-02,862 Sunset Blvd,Santa Ana,CA,92001,Orange,(818) 489-5626,,UCLA David Geffen School of Medicine,1985,Johns Hopkins Hospital,Ophthalmology,"English, Mandarin",True,None,Unknown,UCLA Medical Center,2025-08-03
A28982,"Carlos Zhang, MD",Carlos,Zhang,,MD,Physician and Surgeon,Neurology,,Expired,2019-10-16,2024-03-05,2023-03-17,4982 Santa Monica Blvd,San Francisco,CA,95001,San Diego,(212) 298-6825,,Stanford University School of Medicine,2016,UCLA Medical Center,Neurology,"English, Spanish, Portuguese",True,None,Yes,Cedars-Sinai Medical Center,2025-07-14
A27590,"SUSAN THOMPSON, DO",Susan,Thompson,,DO,Physician and Surgeon,Otolaryngology,,Expired,2019-09-22,2024-03-18,2023-06-27,733 Hollywood Blvd,Los Angeles,CA,90004,Alameda,(213) 865-3675,susan.thompson@email.com,Columbia University Vagelos College of Physicians and Surgeons,2015,UCSF Medical Center,,"English, Spanish",False,None,No,UCLA Medical Center,2025-05-30
A89291,"Jessica Wilson, MD",Jessica,Wilson,,MD,Physician and Surgeon,Gastroenterology,,Expired,2020-12-11,2023-12-02,2022-12-18,4414 Hollywood Blvd,Sacramento,CA,950**,Riverside,718- 744-2802,,NYU Grossman School of Medicine,2015,Johns Hopkins Hospital,,"English, Spanish",True,None,No,UCLA Medical Center,2025-03-07
A59628,"Carlos Moore, DO",Carlos,Moore,,DO,Physician and Surgeon,Cardiology,Anesthesiology,Expired,2019-08-31,2023-08-04,2023-01-30,3699 Melrose Ave,Los Angeles,CA,90002,Sacramento,(347) 764-5440,,Johns Hopkins School of Medicine,2016,UCLA Medical Center,Cardiology,"English, Mandarin",True,None,No,Stanford Hospital,2025-08-11
A68238,"Rajesh Liu, MD",Rajesh,Liu,,MD,Physician and Surgeon,Anesthesiology,Internal Medicine,Expired,2022-09-21,2023-12-01,2023-02-22,154 Wilshire Blvd,Sacramento,CA,90002,Sacramento,(212) 245-2684,rajesh.liu@email.com,Yale School of Medicine,2013,UCSF Medical Center,,"English, Spanish, Portuguese",False,None,Yes,Kaiser Permanente,2025-07-24
A75437,"Priya Ramirez, DO",Priya,Ramirez,,DO,Physician and Surgeon,Emergency Medicine,Nephrology,Expired,2022-12-13,2025-01-25,2024-11-23,4941 Pico Blvd,Fresno,CA,91001,Orange,(718) 315-8003,priya.ramirez@email.com,Stanford University School of Medicine,2009,UCLA Medical Center,,"English, Spanish",True,None,No,,2025-03-25
A22050,"Priya Robinson, MD PhD",Priya,Robinson,,MD PhD,Physician and Surgeon,Psychiatry,,Active,2020-12-17,2025-12-04,2025-07-25,8223 Melrose Ave,San Jose,CA,92001,Alameda,(424) 279-8674,priya.robinson@email.com,UCLA David Geffen School of Medicine,1993,Mayo Clinic,,"English, Spanish, Portuguese",False,None,Yes,UCLA Medical Center,2025-03-10
A57227,"David Garcia, DO",David,Garcia,,DO,Physician and Surgeon,Internal Medicine,,Expired,2023-08-16,2025-06-01,2024-09-14,2308 Sunset Blvd,Sacramento,CA,93001,Los Angeles,(718) 215-3336,,Stanford University School of Medicine,1985,Mount Sinai Hospital,Internal Medicine,"English, Mandarin",False,Yes - See Details,No,Kaiser Permanente,2025-03-15
A28955,"Patricia Wang, DO PhD",Patricia,Wang,A,DO PhD,Physician and Surgeon,Radiology,Pathology,Expired,2020-08-23,2024-10-25,2024-04-01,9190 Pico Blvd,San Jose,CA,90002,Los Angeles,(323) 939-1060,patricia.wang@email.com,University of Michigan Medical School,1988,Johns Hopkins Hospital,Radiology,"English, Mandarin",True,None,Yes,Stanford Hospital,2025-07-02
A99080,"Maria Gonzalez, DO PhD",Maria,Gonzalez,,DO PhD,Physician and Surgeon,Pathology,,Expired,2018-07-09,2023-01-30,2022-09-27,2722 Pico Blvd,Oakland,CA,90004,San Diego,(213) 560-6770,,NYU Grossman School of Medicine,1987,Johns Hopkins Hospital,,English,False,None,No,UCSF Medical Center,2025-08-07
A73941,"Linda Kumar, DO PhD",Linda,Kumar,,DO PhD,Physician and Surgeon,Pulmonology,,Expired,2024-05-25,2025-06-06,2024-08-24,4098 Sunset Blvd,San Jose,CA,90005,San Bernardino,(917) 780-6782,,Johns Hopkins School of Medicine,1988,Massachusetts General Hospital,Pulmonology,"English, Mandarin",True,None,Unknown,Cedars-Sinai Medical Center,2025-07-08
A34368,"Sarah Clark, MD PhD",Sarah,Clark,,MD PhD,Physician and Surgeon,Psychiatry,Anesthesiology,Expired,2023-01-11,2025-01-02,2024-01-29,8692 Beverly Dr,Oakland,CA,90001,Alameda,(818) 211-6388,sarah.clark@email.com,NYU Grossman School of Medicine,1981,Cleveland Clinic,,"English, Mandarin",False,None,Unknown,UCSF Medical Center,2025-05-04
A72642,Dr. James Rodriguez,James,Rodriguez,,MD PhD,Physician and Surgeon,Emergency Medicine,,Active,2023-05-05,2025-09-30,2024-11-14,9571 Rodeo Dr,Santa Ana,CA,90002,San Diego,(917) 875-4373,james.rodriguez@email.com,UCSF School of Medicine,2013,Massachusetts General Hospital,Emergency Medicine,"English, Mandarin",True,None,Unknown,UCSF Medical Center,2025-06-10
A77361,"Priya Wilson, DO PhD",Priya,Wilson,,DO PhD,Physician and Surgeon,Anesthesiology,,Expired,2023-08-31,2024-10-03,2023-12-13,3079 Santa Monica Blvd,San Diego,CA,91001,Alameda,424  725.4326,priya.wilson@email.com,Columbia University Vagelos College of Physicians and Surgeons,2015,UCSF Medical Center,Anesthesiology,"English, Mandarin",False,None,No,UCLA Medical Center,2025-08-18
A50019,"William Wilson, MD PhD",William,Wilson,,MD PhD,Physician and Surgeon,Orthopedic Surgery,Orthopedic Surgery,Expired,2023-05-03,2024-05-03,2023-09-24,9770 Melrose Ave,Los Angeles,CA,90002,Orange,(213) 542-1341,,Johns Hopkins School of Medicine,2016,Massachusetts General Hospital,,"English, Spanish, Portuguese",True,None,Unknown,Cedars-Sinai Medical Center,2025-07-26
A77245,"Elizabeth Moore, MD",Elizabeth,Moore,,MD,Physician and Surgeon,Orthopedic Surgery,,Expired,2021-03-22,2023-05-09,2022-10-01,5862 Ventura Blvd,San Jose,CA,91001,Fresno,(718) 860-8925,elizabeth.moore@email.com,Johns Hopkins School of Medicine,1978,NewYork-Presbyterian Hospital,,"English, Spanish, Portuguese",False,None,Unknown,Stanford Hospital,2025-07-09
A86385,"DAVID SHARMA, DO",David,Sharma,,DO,Physician and Surgeon,Emergency Medicine,,Expired,2021-11-22,2025-08-22,2024-10-18,8193 Melrose Ave,Oakland,CA,95001,Orange,(917) 760-6400,david.sharma@email.com,UCSF School of Medicine,2002,Johns Hopkins Hospital,Emergency Medicine,English,False,Yes - See Details,Unknown,Kaiser Permanente,2025-04-20
A95240,"Ahmed Williams, MD PhD",Ahmed,Williams,,MD PhD,Physician and Surgeon,Gastroenterology,,Expired,2021-04-20,2024-12-18,2024-08-19,6820 Pico Blvd,San Diego,CA,94001,Riverside,(213) 898-1296,,UCLA David Geffen School of Medicine,2013,UCSF Medical Center,,"English, Mandarin",True,None,Yes,,2025-05-28
A84852,"Elizabeth Thomas, DO",Elizabeth,Thomas,D,DO,Physician and Surgeon,Gastroenterology,,Expired,2023-02-28,2025-03-19,2024-05-27,4599 Melrose Ave,San Diego,CA,90004,Santa Clara,(424) 876-6259,elizabeth.thomas@email.com,UCSF School of Medicine,1992,Massachusetts General Hospital,Gastroenterology,"English, Spanish",True,None,Unknown,Cedars-Sinai Medical Center,2025-06-04
A58674,"Joseph Brown, MD PhD",Joseph,Brown,,MD PhD,Physician and Surgeon,Pediatrics,,Expired,2022-05-18,2025-05-01,2024-12-08,265 Beverly Dr,Los Angeles,CA,95001,Fresno,(626) 583-8711,,NYU Grossman School of Medicine,2008,Massachusetts General Hospital,Pediatrics,"English, Spanish, Portuguese",True,None,Yes,UCLA Medical Center,2025-05-18
A25461,"Fatima Sharma, DO",Fatima,Sharma,,DO,Physician and Surgeon,Gastroenterology,,Expired,2019-11-09,2023-06-16,2022-07-11,6679 Pico Blvd,San Francisco,CA,95001,Alameda,(646) 323-7858,fatima.sharma@email.com,Johns Hopkins School of Medicine,2012,Massachusetts General Hospital,,"English, Spanish, Portuguese",False,None,Yes,Stanford Hospital,2025-07-13
A25720,"Charles Wang, DO PhD",Charles,Wang,,DO PhD,Physician and Surgeon,Gastroenterology,,Expired,2022-07-19,2025-06-29,2025-02-18,8535 Sunset Blvd,Santa Ana,CA,90005,Santa Clara,(818) 276-6359,charles.wang@email.com,UCSF School of Medicine,2000,Johns Hopkins Hospital,,"English, Spanish",False,None,Yes,Stanford Hospital,2025-07-14
A93586,"DAVID SHAH, DO",David,Shah,,DO,Physician and Surgeon,Nephrology,,Expired,2022-06-07,2024-12-15,2024-04-22,636 Rodeo Dr,Fresno,CA,95001,Sacramento,(929) 756-8880,david.shah@email.com,Stanford University School of Medicine,2002,NewYork-Presbyterian Hospital,Nephrology,"English, Mandarin",True,None,No,UCLA Medical Center,2025-06-12
A42598,Dr. Christopher Hernandez,Christopher,Hernandez,,DO PhD,Physician and Surgeon,Internal Medicine,Pathology,Expired,2018-10-01,2023-01-28,2022-08-02,3758 Melrose Ave,San Francisco,CA,91001,San Diego,(347) 224-4768,christopher.hernandez@email.com,Columbia University Vagelos College of Physicians and Surgeons,2017,Johns Hopkins Hospital,Internal Medicine,"English, Spanish, Portuguese",False,None,No,UCSF Medical Center,2025-07-04
A29902,"Jennifer Rodriguez, MD PhD",Jennifer,Rodriguez,,MD PhD,Physician and Surgeon,Urology,,Expired,2020-10-10,2023-07-15,2022-09-01,1254 Wilshire Blvd,Oakland,CA,90001,Contra Costa,(347) 669-4320,,UCSF School of Medicine,1982,UCSF Medical Center,,"English, Spanish, Portuguese",False,None,No,,2025-05-14
A31783,Dr. Joseph Lee,Joseph,Lee,,DO PhD,Physician and Surgeon,Pulmonology,,Expired,2021-08-22,2024-02-09,2023-09-13,8429 Ventura Blvd,San Diego,CA,90002,Riverside,(213) 608-1151,joseph.lee@email.com,Columbia University Vagelos College of Physicians and Surgeons,1991,NewYork-Presbyterian Hospital,Pulmonology,English,False,None,No,Kaiser Permanente,2025-04-01
A35032,"William Johnson, MD PhD",William,Johnson,B,MD PhD,Physician and Surgeon,Pathology,,Expired,2020-09-27,2025-02-22,2024-07-07,5669 Rodeo Dr,San Jose,CA,95001,San Bernardino,(347) 536-2541,william.johnson@email.com,Harvard Medical School,1986,NewYork-Presbyterian Hospital,,"English, Spanish, Portuguese",False,None,Unknown,,2025-03-07
A23134,"Mohammed Williams, MD PhD",Mohammed,Williams,D,MD PhD,Physician and Surgeon,Pathology,,Expired,2022-03-26,2024-01-19,2023-06-18,5880 Main St,San Francisco,CA,92001,Orange,(424) 789-8126,,University of Pennsylvania Perelman School of Medicine,1987,NewYork-Presbyterian Hospital,,"English, Spanish",False,None,Yes,Cedars-Sinai Medical Center,2025-08-31
A67219,"William Robinson, MD",William,Robinson,,MD,Physician and Surgeon,Psychiatry,Orthopedic Surgery,Expired,2019-04-22,2023-07-04,2023-05-07,3284 Sunset Blvd,Fresno,CA,900**,Sacramento,(323) 903-7456,,UCLA David Geffen School of Medicine,1987,Mount Sinai Hospital,Psychiatry,"English, Mandarin",False,None,Unknown,UCSF Medical Center,2025-07-15
A43901,"Mary Rodriguez, DO PhD",Mary,Rodriguez,,DO PhD,Physician and Surgeon,Urology,,Expired,2018-09-03,2023-08-26,2022-12-28,190 Santa Monica Blvd,Oakland,CA,92001,Fresno,(213) 744-7282,mary.rodriguez@email.com,Harvard Medical School,2010,UCLA Medical Center,Urology,English,True,None,No,UCSF Medical Center,2025-04-10
A59601,"Sarah Ramirez, DO PhD",Sarah,Ramirez,,DO PhD,Physician and Surgeon,Cardiology,Urology,Expired,2020-12-26,2023-09-10,2023-05-19,384 Melrose Ave,Santa Ana,CA,90004,Fresno,(323) 618-6767,sarah.ramirez@email.com,Columbia University Vagelos College of Physicians and Surgeons,1982,UCLA Medical Center,,"English, Spanish",False,None,Yes,UCLA Medical Center,2025-05-07
A21923,"Susan Garcia, DO PhD",Susan,Garcia,,DO PhD,Physician and Surgeon,Family Medicine,,Expired,2021-11-15,2025-01-28,2024-03-30,5326 Pico Blvd,San Jose,CA,90003,Alameda,(646) 683-4273,susan.garcia@email.com,Stanford University School of Medicine,1998,Massachusetts General Hospital,Family Medicine,"English, Mandarin",False,Yes - See Details,Unknown,Stanford Hospital,2025-08-13
A19154,"Elizabeth Robinson, DO",Elizabeth,Robinson,,DO,Physician and Surgeon,Internal Medicine,,Expired,2018-08-16,2023-01-15,2022-07-15,7269 Hollywood Blvd,San Francisco,CA,93001,Contra Costa,(818) 995-9751,elizabeth.robinson@email.com,UCSF School of Medicine,1990,Massachusetts General Hospital,Internal Medicine,"English, Mandarin",False,None,Yes,Cedars-Sinai Medical Center,2025-07-07
A48170,"Sarah Moore, MD",Sarah,Moore,,MD,Physician and Surgeon,Gastroenterology,,Expired,2020-08-20,2024-09-20,2024-04-22,2426 Ventura Blvd,FRESNO,CA,90001,Orange,347- 593-5215,sarah.moore@email.com,University of Pennsylvania Perelman School of Medicine,2016,NewYork-Presbyterian Hospital,Gastroenterology,"English, Spanish",True,None,Yes,UCLA Medical Center,2025-06-15
A94390,"John Taylor, MD PhD",John,Taylor,A,MD PhD,Physician and Surgeon,Otolaryngology,,Expired,2021-11-06,2023-11-16,2023-11-07,8468 Rodeo Dr,Santa Ana,CA,95001,San Bernardino,(646) 695-7223,john.taylor@email.com,University of Pennsylvania Perelman School of Medicine,1996,NewYork-Presbyterian Hospital,Otolaryngology,"English, Spanish, Portuguese",False,None,Unknown,Cedars-Sinai Medical Center,2025-08-25
A78697,"Robert Moore, MD",Robert,Moore,,MD,Physician and Surgeon,Neurology,,Expired,2019-08-19,2024-04-12,2024-01-31,5841 Santa Monica Blvd,Santa Ana,CA,95001,Fresno,(323) 959-9810,,University of Michigan Medical School,1989,Cleveland Clinic,Neurology,English,True,None,Unknown,Cedars-Sinai Medical Center,2025-03-21
A73908,"Joseph Perez, MD PhD",Joseph,Perez,,MD PhD,Physician and Surgeon,Radiology,,Expired,2019-04-23,2023-01-14,2022-05-21,8243 Melrose Ave,Santa Ana,CA,90002,San Bernardino,(310) 550-9824,joseph.perez@email.com,University of Pennsylvania Perelman School of Medicine,2014,Cleveland Clinic,Radiology,"English, Mandarin",True,None,Yes,UCLA Medical Center,2025-07-06
A57167,"James Shah, MD PhD",James,Shah,,MD PhD,Physician and Surgeon,Emergency Medicine,Ophthalmology,Active,2022-08-17,2025-09-05,2024-10-28,5192 Rodeo Dr,San Jose,CA,900**,San Bernardino,(929) 569-6078,james.shah@email.com,University of Pennsylvania Perelman School of Medicine,1999,Johns Hopkins Hospital,,"English, Spanish",False,None,Unknown,UCLA Medical Center,2025-07-14
A71669,"Christopher Martin, DO PhD",Christopher,Martin,,DO PhD,Physician and Surgeon,Dermatology,Family Medicine,Expired,2018-09-12,2023-03-12,2023-01-03,4345 Pico Blvd,Sacramento,CA,90001,Santa Clara,212  557.4648,christopher.martin@email.com,Stanford University School of Medicine,2016,Mount Sinai Hospital,,"English, Spanish",True,None,Yes,Cedars-Sinai Medical Center,2025-07-08
A67653,"BARBARA THOMPSON, DO",Barbara,Thompson,,DO,Physician and Surgeon,Emergency Medicine,,Expired,2020-01-14,2023-08-30,2023-06-29,9457 Rodeo Dr,Santa Ana,CA,90004,Alameda,(626) 298-6609,,NYU Grossman School of Medicine,2014,UCSF Medical Center,,English,False,None,Yes,Stanford Hospital,2025-03-30
A49167,"Carlos Lee, MD",Carlos,Lee,,MD,Physician and Surgeon,Ophthalmology,,Expired,2020-12-07,2023-09-13,2023-03-08,8530 Melrose Ave,San Diego,CA,95001,Riverside,(718) 841-8643,carlos.lee@email.com,Columbia University Vagelos College of Physicians and Surgeons,1988,Cleveland Clinic,Ophthalmology,"English, Spanish",False,None,Yes,UCLA Medical Center,2025-08-26
A22920,"Wei Wang, DO PhD",Wei,Wang,B,DO PhD,Physician and Surgeon,Cardiology,,Expired,2022-04-10,2023-07-14,2022-09-20,6269 Main St,San Diego,CA,95001,Los Angeles,(310) 787-9564,wei.wang@email.com,Harvard Medical School,1992,Cleveland Clinic,,"English, Spanish",True,None,No,Cedars-Sinai Medical Center,2025-05-13
A60160,"Jessica Anderson, MD PhD",Jessica,Anderson,,MD PhD,Physician and Surgeon,Emergency Medicine,,Expired,2020-10-25,2024-02-19,2023-05-16,1660 Wilshire Blvd,Oakland,CA,91001,Sacramento,(718) 394-6087,,Yale School of Medicine,1985,Mayo Clinic,,"English, Spanish, Portuguese",False,None,No,Stanford Hospital,2025-08-06
A73343,"Joseph Anderson, DO PhD",Joseph,Anderson,,DO PhD,Physician and Surgeon,Gastroenterology,Emergency Medicine,Expired,2021-02-03,2025-06-17,2025-05-23,3539 Sunset Blvd,Los Angeles,CA,90005,Alameda,(626) 789-7342,joseph.anderson@email.com,Columbia University Vagelos College of Physicians and Surgeons,1993,UCSF Medical Center,,"English, Spanish",False,None,Unknown,Stanford Hospital,2025-03-25
A79438,"Zhang, Priya MD PhD",Priya,Zhang,D,MD PhD,Physician and Surgeon,Orthopedic Surgery,Otolaryngology,Expired,2023-04-25,2025-04-27,2024-05-10,9988 Main St,Sacramento,CA,95001,Santa Clara,718- 296-7611,priya.zhang@email.com,UCLA David Geffen School of Medicine,1990,Mount Sinai Hospital,,"English, Mandarin",False,None,Unknown,,2025-07-27
A22709,"Charles Johnson, MD PhD",Charles,Johnson,A,MD PhD,Physician and Surgeon,Urology,,Expired,2020-02-23,2023-11-13,2023-10-05,2825 Hollywood Blvd,Santa Ana,CA,90003,Orange,(424) 239-9807,charles.johnson@email.com,Stanford University School of Medicine,2002,UCLA Medical Center,,English,True,None,No,Kaiser Permanente,2025-08-23
A96309,Dr. Sarah Singh,Sarah,Singh,,DO,Physician and Surgeon,Pulmonology,,Expired,2020-04-28,2025-03-07,2024-04-27,8154 Hollywood Blvd,San Francisco,CA,95001,Los Angeles,(917) 613-1681,,University of Michigan Medical School,1990,Johns Hopkins Hospital,Pulmonology,"English, Spanish, Portuguese",True,None,No,UCSF Medical Center,2025-03-09
A74387,"Priya Lee, DO PhD",Priya,Lee,,DO PhD,Physician and Surgeon,Radiology,,Expired,2019-03-26,2023-08-02,2022-09-19,3293 Melrose Ave,Sacramento,CA,90003,Fresno,2123922461,priya.lee@email.com,Harvard Medical School,1998,Massachusetts General Hospital,Radiology,"English, Spanish",False,None,Yes,Stanford Hospital,2025-08-07
A38114,"Jennifer Gonzalez, MD PhD",Jennifer,Gonzalez,,MD PhD,Physician and Surgeon,Pulmonology,,Expired,2019-10-18,2023-07-22,2023-03-17,860 Rodeo Dr,San Francisco,CA,94001,Riverside,(212) 246-7250,jennifer.gonzalez@email.com,Harvard Medical School,2001,Cleveland Clinic,Pulmonology,"English, Spanish",True,None,No,UCLA Medical Center,2025-07-28
A84725,"Ahmed Anderson, MD",Ahmed,Anderson,,MD,Physician and Surgeon,Cardiology,,Expired,2021-05-10,2024-06-19,2024-02-07,1889 Sunset Blvd,Santa Ana,CA,90002,Fresno,(212) 680-8844,,Harvard Medical School,2003,UCSF Medical Center,Cardiology,"English, Spanish",True,None,Yes,,2025-04-17
A69285,"Linda Sharma, DO",Linda,Sharma,,DO,Physician and Surgeon,Oncology,,Expired,2023-05-11,2025-06-28,2024-11-14,2049 Beverly Dr,San Jose,CA,92001,Los Angeles,(917) 929-4128,linda.sharma@email.com,NYU Grossman School of Medicine,1977,Mount Sinai Hospital,Oncology,"English, Spanish, Portuguese",False,None,No,Cedars-Sinai Medical Center,2025-07-22
A13072,Dr. Mohammed Zhang,Mohammed,Zhang,,DO PhD,Physician and Surgeon,Radiology,,Active,2021-04-21,2025-09-29,2024-10-14,5984 Melrose Ave,San Jose,CA,94001,Santa Clara,347- 967-8505,mohammed.zhang@email.com,Yale School of Medicine,1997,Massachusetts General Hospital,Radiology,"English, Spanish",False,None,Unknown,,2025-07-18
A79540,"Jennifer Zhang, MD PhD",Jennifer,Zhang,,MD PhD,Physician and Surgeon,Emergency Medicine,Urology,Expired,2018-06-26,2023-01-15,2022-08-06,8302 Melrose Ave,San Jose,CA,92001,Alameda,2132818306,jennifer.zhang@email.com,University of Michigan Medical School,1999,UCLA Medical Center,Emergency Medicine,"English, Spanish, Portuguese",False,None,Yes,UCLA Medical Center,2025-06-03
A74105,"Karen Jones, MD PhD",Karen,Jones,,MD PhD,Physician and Surgeon,Ophthalmology,,Expired,2023-08-30,2024-10-03,2024-04-08,5228 Santa Monica Blvd,Sacramento,CA,93001,Contra Costa,(929) 612-8596,karen.jones@email.com,Johns Hopkins School of Medicine,2007,UCSF Medical Center,,"English, Spanish",True,None,Unknown,,2025-07-24
A44866,Dr. Mohammed Miller,Mohammed,Miller,C,DO PhD,Physician and Surgeon,Pulmonology,,Expired,2021-09-21,2023-05-18,2023-03-02,5270 Wilshire Blvd,Santa Ana,CA,93001,Fresno,(626) 203-6361,mohammed.miller@email.com,Johns Hopkins School of Medicine,1981,NewYork-Presbyterian Hospital,,"English, Spanish, Portuguese",True,None,No,,2025-07-25
A35551,"Mary Liu, DO",Mary,Liu,,DO,Physician and Surgeon,Endocrinology,,Active,2023-12-22,2025-12-08,2025-01-02,3084 Pico Blvd,San Diego,CA,90005,Orange,(347) 225-1472,mary.liu@email.com,NYU Grossman School of Medicine,2012,Mount Sinai Hospital,,English,False,None,Unknown,Kaiser Permanente,2025-08-27
A97428,"Jennifer Lee, DO PhD",Jennifer,Lee,,DO PhD,Physician and Surgeon,Pediatrics,Cardiology,Expired,2020-04-21,2024-05-23,2024-01-30,9861 Sunset Blvd,Santa Ana,CA,93001,Contra Costa,347- 655-7249,,Harvard Medical School,2014,UCLA Medical Center,Pediatrics,English,False,None,Yes,,2025-07-24
A91928,"Rodriguez, Mohammed MD PhD",Mohammed,Rodriguez,,MD PhD,Physician and Surgeon,Urology,Orthopedic Surgery,Expired,2021-10-28,2023-10-25,2023-09-16,7645 Santa Monica Blvd,San Francisco,CA,90001,Santa Clara,(718) 713-9912,,Harvard Medical School,1980,NewYork-Presbyterian Hospital,Urology,English,False,None,No,Kaiser Permanente,2025-05-19
A14051,"Ana Kumar, DO PhD",Ana,Kumar,,DO PhD,Physician and Surgeon,Pediatrics,Otolaryngology,Expired,2022-02-02,2025-05-04,2025-03-09,2577 Hollywood Blvd,Fresno,CA,93001,Contra Costa,(626) 549-5972,ana.kumar@email.com,UCSF School of Medicine,1997,Mount Sinai Hospital,,English,False,None,No,UCLA Medical Center,2025-03-14
A70645,"LINDA GONZALEZ, DO",Linda,Gonzalez,,DO,Physician and Surgeon,Orthopedic Surgery,,Active,2023-12-04,2025-12-01,2025-03-22,4834 Hollywood Blvd,Sacramento,CA,94001,Sacramento,(917) 601-8935,,UCSF School of Medicine,1981,UCLA Medical Center,,"English, Spanish",False,None,Unknown,Stanford Hospital,2025-03-23
A21395,"Rajesh G Davis, MD",Rajesh G,Davis,,MD,Physician and Surgeon,Internal Medicine,,Expired,2022-02-17,2025-05-14,2025-03-15,4013 Hollywood Blvd,San Francisco,CA,90002,Fresno,818- 865-9928,rajesh g.davis@email.com,University of Michigan Medical School,1991,NewYork-Presbyterian Hospital,Internal Medicine,"English, Spanish",False,None,Yes,Kaiser Permanente,2025-07-28
A21915,"Joseph D Chen, MD PhD",Joseph D,Chen,,MD PhD,Physician and Surgeon,Cardiology,Neurology,Expired,2019-10-27,2023-04-07,2023-01-04,7020 Pico Blvd,Oakland,CA,91001,Los Angeles,(323) 457-1188,joseph d.chen@email.com,Columbia University Vagelos College of Physicians and Surgeons,1986,UCLA Medical Center,Cardiology,English,False,None,No,Kaiser Permanente,2025-07-09
A36365,"David H Shah, MD",David H,Shah,C,MD,Physician and Surgeon,Oncology,,Expired,2023-02-13,2024-09-30,2023-12-15,8728 Sunset Blvd,San Francisco,CA,93001,San Diego,(212) 802-4770,david h.shah@email.com,Stanford University School of Medicine,2016,Massachusetts General Hospital,Oncology,"English, Spanish, Portuguese",True,None,No,Kaiser Permanente,2025-03-30
A36365,"Dave Shah, MD",Dave,Shah,D,MD,Physician and Surgeon,Oncology,Orthopedic Surgery,Expired,2020-04-24,2024-09-30,2024-01-11,8728 Sunset Blvd,San Francisco,CA,93001,Riverside,(212) 802-4770,dave.shah@email.com,Stanford University School of Medicine,2016,Massachusetts General Hospital,Oncology,English,True,None,No,Stanford Hospital,2025-05-21
A17455,"Christopher A Brown, MD",Christopher A,Brown,,MD,Physician and Surgeon,Pediatrics,,Active,2020-11-21,2025-11-06,2025-07-29,937 Main St,Santa Ana,CA,94001,Orange,(424) 808-1651,christopher a.brown@email.com,University of Michigan Medical School,1993,UCLA Medical Center,Pediatrics,"English, Spanish, Portuguese",True,None,Yes,UCSF Medical Center,2025-03-25
A30374,"Susan R Smith, MD PhD",Susan R,Smith,D,MD PhD,Physician and Surgeon,Anesthesiology,,Expired,2022-01-05,2024-07-11,2023-10-04,1698 Sunset Blvd,FRESNO,CA,90002,Los Angeles,(718) 849-7939,,NYU Grossman School of Medicine,2016,Mayo Clinic,Anesthesiology,"English, Spanish",False,None,Unknown,UCLA Medical Center,2025-03-18
A39831,"Fatima W Perez, DO PhD",Fatima W,Perez,C,DO PhD,Physician and Surgeon,Family Medicine,,Expired,2019-10-28,2024-04-01,2023-04-10,4066 Melrose Ave,San Francisco,CA,90002,Alameda,(626) 749-6425,fatima w.perez@email.com,Johns Hopkins School of Medicine,2001,NewYork-Presbyterian Hospital,Family Medicine,"English, Spanish, Portuguese",True,None,Yes,Kaiser Permanente,2025-07-12
A80575,"Karen H Ramirez, MD PhD",Karen H,Ramirez,,MD PhD,Physician and Surgeon,Pathology,,Expired,2020-04-17,2024-02-08,2023-10-27,5140 Rodeo Dr,San Diego,CA,92001,Riverside,(626) 618-6344,,Johns Hopkins School of Medicine,1982,Cleveland Clinic,,English,False,None,Unknown,Kaiser Permanente,2025-05-22
A62383,"MICHAEL X THOMAS, DO PHD",Michael X,Thomas,D,DO PhD,Physician and Surgeon,Dermatology,,Expired,2022-10-13,2024-05-14,2024-03-20,1194 Santa Monica Blvd,Oakland,CA,95001,Los Angeles,(917) 324-8478,,Yale School of Medicine,1986,UCLA Medical Center,,"English, Spanish",True,None,Yes,,2025-03-31
A62383,"Mike Thomas, DO PhD",Mike,Thomas,,DO PhD,Physician and Surgeon,Dermatology,,Expired,2021-05-30,2024-05-14,2023-07-12,1194 Santa Monica Blvd,Oakland,CA,95001,San Diego,(917) 324-8478,mike.thomas@email.com,Yale School of Medicine,1985,UCLA Medical Center,,English,False,Yes - See Details,No,Stanford Hospital,2025-05-27
A93579,"Kumar, Wei Z DO PhD",Wei Z,Kumar,,DO PhD,Physician and Surgeon,Endocrinology,,Expired,2021-03-09,2024-07-21,2023-09-28,8977 Santa Monica Blvd,SAN FRANCISCO,CA,93001,Orange,(929) 753-2320,wei z.kumar@email.com,UCLA David Geffen School of Medicine,2002,Mayo Clinic,Endocrinology,English,False,None,Yes,Kaiser Permanente,2025-08-01
A21003,"Priya C Sanchez, DO",Priya C,Sanchez,,DO,Physician and Surgeon,Dermatology,Endocrinology,Expired,2021-11-29,2025-05-27,2024-06-06,2092 Pico Blvd,Los Angeles,CA,92001,San Diego,(929) 979-7211,priya c.sanchez@email.com,Stanford University School of Medicine,2000,Mount Sinai Hospital,,"English, Spanish, Portuguese",True,None,No,UCSF Medical Center,2025-03-17
A41266,"Michael N Thompson, DO",Michael N,Thompson,A,DO,Physician and Surgeon,Nephrology,,Expired,2018-12-03,2023-09-16,2023-03-08,660 Main St,San Jose,CA,90004,Santa Clara,(818) 935-2876,,University of Michigan Medical School,2011,Massachusetts General Hospital,,"English, Spanish, Portuguese",True,None,No,Kaiser Permanente,2025-08-09
A41266,"MIKE THOMPSON, DO",Mike,Thompson,,DO,Physician and Surgeon,Nephrology,,Expired,2021-07-25,2023-09-16,2022-12-01,660 Main St,San Jose,CA,90004,Orange,(818) 935-2876,mike.thompson@email.com,University of Michigan Medical School,2013,Massachusetts General Hospital,,"English, Mandarin",False,None,Yes,Stanford Hospital,2025-06-18
A68333,"Rodriguez, Mohammed MD",Mohammed,Rodriguez,B,MD,Physician and Surgeon,Nephrology,,Active,2022-01-27,2026-11-08,2025-02-04,6932 Pico Blvd,San Jose,CA,93968,Los Angeles,(323) 203-8492,mohammed.rodriguez@email.com,UCSF School of Medicine,2011,Stanford Hospital,Nephrology,English,True,None,Yes,,2025-09-02
A99860,"Chen, Thomas MD PhD",Thomas,Chen,B,MD PhD,Physician and Surgeon,Oncology,,Expired,2020-07-31,2025-05-02,2024-12-16,3171 Pico Blvd,San Diego,CA,92367,Sacramento,(323) 845-6625,thomas.chen@email.com,UCLA David Geffen School of Medicine,2002,Stanford Hospital,Otolaryngology,English,True,None,Yes,,2025-09-02
A59914,"Sharma, Jessica MD",Jessica,Sharma,B,MD,Physician and Surgeon,Otolaryngology,,Active,2017-09-08,2025-03-14,2025-04-20,4752 Beverly Dr,San Jose,CA,90081,Santa Clara,(646) 321-1514,jessica.sharma@email.com,UCLA David Geffen School of Medicine,2002,UCLA Medical Center,Pulmonology,English,True,None,Yes,,2025-09-02
A47994,"Sanchez, Michael DO PhD",Michael,Sanchez,,DO PhD,Physician and Surgeon,Family Medicine,,Active,2021-08-31,2025-11-18,2024-12-03,4140 Beverly Dr,San Diego,CA,95453,Los Angeles,(929) 694-5999,michael.sanchez@email.com,Stanford University School of Medicine,2016,Stanford Hospital,Ophthalmology,English,True,None,Yes,,2025-09-02
A44329,"Yang, Joseph DO PhD",Joseph,Yang,,DO PhD,Physician and Surgeon,Ophthalmology,,Active,2019-10-11,2026-04-15,2025-05-04,239 Sunset Blvd,Los Angeles,CA,90005,Riverside,(212) 895-6651,joseph.yang@email.com,Stanford University School of Medicine,2002,Stanford Hospital,Oncology,English,True,None,Yes,,2025-09-02
A94547,"Zhang, James MD PhD",James,Zhang,A,MD PhD,Physician and Surgeon,Family Medicine,,Active,2019-08-31,2026-03-17,2025-04-06,1591 Ventura Blvd,San Francisco,CA,93538,Sacramento,(424) 253-9235,james.zhang@email.com,UCSF School of Medicine,2019,Stanford Hospital,Family Medicine,English,True,None,Yes,,2025-09-02
A31233,"Davis, Rajesh DO PhD",Rajesh,Davis,C,DO PhD,Physician and Surgeon,Internal Medicine,,Active,2023-04-29,2025-06-09,2024-10-14,3344 Rodeo Dr,San Francisco,CA,92482,San Bernardino,(646) 815-1708,rajesh.davis@email.com,UCSF School of Medicine,2005,UCSF Medical Center,Radiology,English,True,None,Yes,,2025-09-02
A59050,"Chen, Linda DO PhD",Linda,Chen,A,DO PhD,Physician and Surgeon,Anesthesiology,,Active,2023-03-29,2026-03-07,2025-06-22,2066 Wilshire Blvd,San Jose,CA,93913,Orange,(929) 635-3920,linda.chen@email.com,UCLA David Geffen School of Medicine,2020,UCLA Medical Center,Cardiology,English,True,None,Yes,,2025-09-02
A40921,"Smith, Karen MD PhD",Karen,Smith,A,MD PhD,Physician and Surgeon,Anesthesiology,,Active,2018-09-29,2025-03-16,2025-04-23,8175 Melrose Ave,San Francisco,CA,95609,Santa Clara,(929) 811-4650,karen.smith@email.com,Stanford University School of Medicine,2003,UCSF Medical Center,Orthopedic Surgery,English,True,None,Yes,,2025-09-02
A50965,"Anderson, James DO",James,Anderson,,DO,Physician and Surgeon,Nephrology,,Expired,2022-10-03,2025-07-04,2025-04-08,5457 Beverly Dr,Los Angeles,CA,90027,Riverside,(213) 330-4028,james.anderson@email.com,UCLA David Geffen School of Medicine,2019,UCLA Medical Center,Nephrology,English,True,None,Yes,,2025-09-02
A74835,"Martinez, Joseph DO PhD",Joseph,Martinez,A,DO PhD,Physician and Surgeon,Gastroenterology,,Inactive,2020-08-21,2026-08-16,2024-10-09,8939 Hollywood Blvd,San Francisco,CA,94539,Santa Clara,(646) 385-6001,joseph.martinez@email.com,UCLA David Geffen School of Medicine,2011,UCSF Medical Center,Dermatology,English,True,None,Yes,,2025-09-02
A63225,"Lee, Ahmed MD",Ahmed,Lee,,MD,Physician and Surgeon,Endocrinology,,Active,2019-12-31,2026-06-29,2025-02-26,1377 Santa Monica Blvd,Los Angeles,CA,94334,Los Angeles,(929) 515-2519,ahmed.lee@email.com,UCSF School of Medicine,2004,UCSF Medical Center,Anesthesiology,English,True,None,Yes,,2025-09-02
A57988,"Patel, Thomas DO",Thomas,Patel,A,DO,Physician and Surgeon,Pathology,,Inactive,2022-02-02,2025-12-15,2025-01-21,8666 Melrose Ave,San Francisco,CA,95753,Fresno,(310) 404-5259,thomas.patel@email.com,UCSF School of Medicine,2017,Stanford Hospital,Neurology,English,True,None,Yes,,2025-09-02
A74006,"Perez, Michael DO",Michael,Perez,,DO,Physician and Surgeon,Psychiatry,,Inactive,2021-06-26,2025-06-21,2024-12-05,3568 Rodeo Dr,San Diego,CA,96762,Contra Costa,(424) 386-7997,michael.perez@email.com,UCLA David Geffen School of Medicine,2006,UCSF Medical Center,Endocrinology,English,True,None,Yes,,2025-09-02
A56219,"Lopez, Jessica MD",Jessica,Lopez,A,MD,Physician and Surgeon,Nephrology,,Active,2018-05-06,2025-09-03,2025-08-29,4674 Ventura Blvd,Los Angeles,CA,92567,Orange,(718) 655-6009,jessica.lopez@email.com,UCSF School of Medicine,2000,Stanford Hospital,Neurology,English,True,None,Yes,,2025-09-02
A73259,"Lee, Fatima DO",Fatima,Lee,,DO,Physician and Surgeon,Cardiology,,Inactive,2017-12-07,2026-09-15,2025-07-10,5837 Rodeo Dr,San Jose,CA,94067,San Diego,(818) 690-8253,fatima.lee@email.com,Stanford University School of Medicine,2002,UCLA Medical Center,Otolaryngology,English,True,None,Yes,,2025-09-02
A50683,"Sanchez, Ana MD",Ana,Sanchez,A,MD,Physician and Surgeon,Neurology,,Active,2019-03-26,2025-07-03,2024-11-06,9906 Pico Blvd,San Jose,CA,92146,Santa Clara,(212) 824-1475,ana.sanchez@email.com,Stanford University School of Medicine,1991,UCLA Medical Center,Internal Medicine,English,True,None,Yes,,2025-09-02
A72874,"Liu, Jessica MD PhD",Jessica,Liu,A,MD PhD,Physician and Surgeon,Otolaryngology,,Inactive,2023-06-26,2026-08-12,2025-05-06,5577 Sunset Blvd,San Jose,CA,95435,Contra Costa,(347) 494-3788,jessica.liu@email.com,Stanford University School of Medicine,1999,UCSF Medical Center,Emergency Medicine,English,True,None,Yes,,2025-09-02
A91166,"Kumar, Maria MD PhD",Maria,Kumar,C,MD PhD,Physician and Surgeon,Otolaryngology,,Inactive,2019-07-08,2026-05-08,2025-06-07,9193 Beverly Dr,San Francisco,CA,96178,Contra Costa,(646) 730-2821,maria.kumar@email.com,Stanford University School of Medicine,1991,UCLA Medical Center,Dermatology,English,True,None,Yes,,2025-09-02
A80623,"Lewis, David DO PhD",David,Lewis,,DO PhD,Physician and Surgeon,Dermatology,,Active,2020-04-26,2026-08-09,2024-11-30,3073 Pico Blvd,San Francisco,CA,96149,Fresno,(323) 506-5303,david.lewis@email.com,UCSF School of Medicine,2015,UCLA Medical Center,Emergency Medicine,English,True,None,Yes,,2025-09-02
A75056,"Wilson, Ana DO PhD",Ana,Wilson,A,DO PhD,Physician and Surgeon,Endocrinology,,Active,2019-04-15,2026-08-03,2025-07-11,1360 Sunset Blvd,San Francisco,CA,96160,Alameda,(323) 316-2342,ana.wilson@email.com,Stanford University School of Medicine,1997,Stanford Hospital,Nephrology,English,True,None,Yes,,2025-09-02
A46058,"Sharma, Wei MD",Wei,Sharma,B,MD,Physician and Surgeon,Otolaryngology,,Active,2023-07-19,2025-03-09,2024-10-21,9386 Sunset Blvd,Los Angeles,CA,93034,Santa Clara,(646) 773-7966,wei.sharma@email.com,UCSF School of Medicine,2008,UCLA Medical Center,Psychiatry,English,True,None,Yes,,2025-09-02
A92313,"White, Wei MD",Wei,White,B,MD,Physician and Surgeon,Endocrinology,,Active,2023-06-11,2026-06-04,2025-08-27,5217 Hollywood Blvd,Los Angeles,CA,90998,Fresno,(917) 798-2307,wei.white@email.com,UCLA David Geffen School of Medicine,1997,Stanford Hospital,Dermatology,English,True,None,Yes,,2025-09-02
A50288,"Wang, Li DO PhD",Li,Wang,A,DO PhD,Physician and Surgeon,Radiology,,Inactive,2019-10-03,2025-06-18,2025-05-01,6990 Main St,Los Angeles,CA,94114,San Diego,(212) 490-6369,li.wang@email.com,UCLA David Geffen School of Medicine,2018,UCLA Medical Center,Anesthesiology,English,True,None,Yes,,2025-09-02
A62489,"Robinson, Christopher DO",Christopher,Robinson,,DO,Physician and Surgeon,Radiology,,Inactive,2017-09-20,2026-07-07,2025-05-20,6212 Rodeo Dr,San Francisco,CA,94175,Fresno,(213) 781-5019,christopher.robinson@email.com,UCLA David Geffen School of Medicine,2001,UCLA Medical Center,Urology,English,True,None,Yes,,2025-09-02
A81375,"Smith, Michael MD PhD",Michael,Smith,B,MD PhD,Physician and Surgeon,Gastroenterology,,Active,2022-08-29,2026-02-24,2024-10-13,4783 Santa Monica Blvd,San Jose,CA,96720,Alameda,(917) 798-8984,michael.smith@email.com,Stanford University School of Medicine,1995,UCSF Medical Center,Pathology,English,True,None,Yes,,2025-09-02
A59785,"Davis, Ana MD",Ana,Davis,B,MD,Physician and Surgeon,Psychiatry,,Active,2019-04-08,2027-01-10,2024-10-23,698 Sunset Blvd,San Jose,CA,90230,Orange,(323) 808-7911,ana.davis@email.com,Stanford University School of Medicine,2002,UCSF Medical Center,Family Medicine,English,True,None,Yes,,2025-09-02
A33211,"Thomas, Mary MD PhD",Mary,Thomas,,MD PhD,Physician and Surgeon,Oncology,,Active,2020-10-24,2025-11-03,2025-07-29,6754 Wilshire Blvd,San Jose,CA,92648,Riverside,(929) 748-5908,mary.thomas@email.com,UCSF School of Medicine,2016,UCSF Medical Center,Internal Medicine,English,True,None,Yes,,2025-09-02
A34760,"Davis, Patricia MD",Patricia,Davis,,MD,Physician and Surgeon,Dermatology,,Active,2018-03-05,2025-09-21,2025-08-29,4327 Sunset Blvd,Los Angeles,CA,92156,San Bernardino,(626) 477-8426,patricia.davis@email.com,UCLA David Geffen School of Medicine,2006,Stanford Hospital,Psychiatry,English,True,None,Yes,,2025-09-02
A12832,"Lee, Sarah DO",Sarah,Lee,C,DO,Physician and Surgeon,Otolaryngology,,Active,2023-03-04,2026-04-18,2024-12-23,6589 Melrose Ave,San Francisco,CA,95027,Contra Costa,(310) 983-5417,sarah.lee@email.com,UCSF School of Medicine,2014,UCSF Medical Center,Cardiology,English,True,None,Yes,,2025-09-02
