license_number,provider_name,first_name,last_name,license_type,profession_code,specialty,status,issue_date,expiration_date,last_renewal_date,address_line1,address_city,address_state,address_zip,phone,disciplinary_actions,board_certified,medical_school,verification_date
060NY460663,"Ramirez, Ahmed MD PhD",Ahmed,Ramirez,Physician,060,Internal Medicine,Expired,2019-02-27,2024-06-25,2024-04-02,3528 Third Ave,Brooklyn,NY,10002,(424) 396-2139,[],True,Stanford University School of Medicine,2025-09-02
060NY821590,"Thomas Robinson, MD PhD",Thomas,Robinson,Physician,060,Radiology,Expired,2017-10-08,2024-03-25,2023-10-24,5821 Park Ave,Buffalo,NY,10002,(818) 522-4483,[],False,UCSF School of Medicine,2025-09-02
060NY412942,"Linda Hernandez, DO PhD",Linda,Hernandez,Physician,060,Urology,Active,2021-02-01,2025-11-05,2023-11-22,4316 York Ave,Queens,NY,14201,3102192832,[],False,Harvard Medical School,2025-09-02
060NY698782,"Mohammed Williams, MD PhD",Mohammed,Williams,Physician,060,Psychiatry,Expired,2023-05-14,2025-08-26,2024-11-01,3900 Lexington Ave,Syracuse,NY,10004,(310) 946-1887,"[{""action_type"": ""Fine"", ""action_date"": ""2025-05-29"", ""description"": ""Disciplinary action related to documentation""}]",True,UCLA David Geffen School of Medicine,2025-09-02
060NY197793,"Christopher Gonzalez, DO PhD",Christopher,Gonzalez,Physician,060,Orthopedic Surgery,Expired,2020-04-09,2024-04-29,2022-05-14,3007 Lexington Ave,Syracuse,NY,10004,(213) 471-8454,[],False,UCSF School of Medicine,2025-09-02
060NY176066,"Priya Lee, DO",Priya,Lee,Physician,060,Pulmonology,Expired,2017-11-06,2023-01-20,2022-08-04,2145 Columbus Ave,Buffalo,NY,11203,(929) 270-5002,[],False,UCSF School of Medicine,2025-09-02
060NY255287,"William Lewis, DO PhD",William,Lewis,Physician,060,Dermatology,Expired,2021-07-24,2025-05-30,2023-10-12,1833 Fifth Ave,Queens,NY,14201,(323) 616-3532,[],True,UCLA David Geffen School of Medicine,2025-09-02
060NY786508,"Jennifer Lopez, MD PhD",Jennifer,Lopez,Physician,060,Pulmonology,Expired,2019-05-13,2024-10-21,2023-06-07,7 Lexington Ave,Buffalo,NY,10004,(626) 848-6491,"[{""action_type"": ""Fine"", ""action_date"": ""2024-08-20"", ""description"": ""Disciplinary action related to professional conduct""}]",True,University of Pennsylvania Perelman School of Medicine,2025-09-02
060NY907189,David Clark DO PhD,David,Clark,Physician,060,Otolaryngology,Expired,2019-06-25,2023-02-10,2021-08-21,7634 Second Ave,New York,NY,10004,(424) 425-8999,[],False,UCSF School of Medicine,2025-09-02
060NY497399,Susan Moore DO PhD,Susan,Moore,Physician,060,Family Medicine,Expired,2021-04-17,2024-11-19,2023-08-04,9708 Lexington Avenue,Rochester,NY,10004,(424) 918-5526,[],True,University of Pennsylvania Perelman School of Medicine,2025-09-02
060NY819796,"Mary Lopez, MD",Mary,Lopez,Physician,060,Dermatology,Expired,2019-11-05,2023-04-20,2021-05-04,7828 Fifth Ave,Brooklyn,NY,11202,424  833.4697,[],False,UCSF School of Medicine,2025-09-02
060NY617781,"William Martin, MD PhD",William,Martin,Physician,060,Pediatrics,Expired,2020-09-03,2025-06-15,2023-07-11,7680 Central Park West,Buffalo,NY,11202,(626) 789-1339,[],False,Harvard Medical School,2025-09-02
060NY436653,"Rajesh Lewis, MD PhD",Rajesh,Lewis,Physician,060,Orthopedic Surgery,Expired,2019-05-21,2023-08-03,2021-09-22,9591 Second Ave,Syracuse,NY,10002,(929) 458-6296,[],False,Harvard Medical School,2025-09-02
060NY950823,"LI GONZALEZ, DO",Li,Gonzalez,Physician,060,Radiology,Expired,2018-08-06,2025-02-19,2023-09-17,3827 Second Ave,New York,NY,11201,(718) 738-8486,[],True,Johns Hopkins School of Medicine,2025-09-02
060NY749813,"Linda Martinez, DO",Linda,Martinez,Physician,060,Nephrology,Expired,2018-09-09,2024-05-08,2023-03-25,9273 Columbus Ave,Queens,NY,10003,3478939955,[],True,NYU Grossman School of Medicine,2025-09-02
060NY805000,"Priya Sanchez, MD PhD",Priya,Sanchez,Physician,060,Otolaryngology,Expired,2021-02-25,2024-06-20,2023-08-09,6465 Broadway,Buffalo,NY,142**,(424) 426-2035,[],False,UCLA David Geffen School of Medicine,2025-09-02
060NY879238,"Michael Martin, DO PhD",Michael,Martin,Physician,060,Otolaryngology,Expired,2022-03-04,2025-05-08,2024-12-07,3847 York Ave,Queens,NY,11202,917- 654-8285,[],False,NYU Grossman School of Medicine,2025-09-02
060NY915809,"Mary Johnson, DO",Mary,Johnson,Physician,060,Endocrinology,Expired,2022-10-29,2025-01-11,2023-05-21,2077 Central Park West,Yonkers,NY,14201,(310) 858-1510,[],False,UCLA David Geffen School of Medicine,2025-09-02
060NY714953,"Linda Miller, MD PhD",Linda,Miller,Physician,060,Cardiology,Expired,2022-01-09,2024-11-06,2023-08-05,4177 Third Ave,Queens,NY,11203,424  719.4485,[],False,Stanford University School of Medicine,2025-09-02
060NY341288,"Jennifer Liu, MD",Jennifer,Liu,Physician,060,Ophthalmology,Revoked,2022-03-23,2025-10-21,2023-11-17,4939 Park Ave,Queens,NY,10005,(424) 639-7626,[],False,Stanford University School of Medicine,2025-09-02
060NY297383,"David Garcia, DO PhD",David,Garcia,Physician,060,Urology,Expired,2021-06-19,2024-10-20,2023-08-02,9082 Central Park West,New York,NY,11203,(626) 376-1641,[],False,Yale School of Medicine,2025-09-02
060NY505341,"Fatima Jackson, DO PhD",Fatima,Jackson,Physician,060,Emergency Medicine,Expired,2018-12-25,2024-08-04,2022-09-17,5544 Columbus Ave,New York,NY,11201,(646) 809-2388,[],False,Johns Hopkins School of Medicine,2025-09-02
060NY337547,"Linda Kumar, MD PhD",Linda,Kumar,Physician,060,Dermatology,Expired,2018-06-24,2023-10-09,2021-10-13,5061 Madison Ave,Bronx,NY,11201,6468117172,[],True,University of Michigan Medical School,2025-09-02
060NY515712,"Li Davis, MD PhD",Li,Davis,Physician,060,Pathology,Inactive,2021-03-01,2025-10-25,2024-10-18,2627 Lexington Ave,Syracuse,NY,14201,(646) 340-1627,[],False,UCSF School of Medicine,2025-09-02
060NY227767,"Mohammed Garcia, MD",Mohammed,Garcia,Physician,060,Psychiatry,Expired,2019-05-03,2023-04-08,2023-03-07,2450 York Ave,Albany,NY,11202,(626) 727-4963,[],True,UCLA David Geffen School of Medicine,2025-09-02
060NY924613,"Joseph Wang, DO PhD",Joseph,Wang,Physician,060,Ophthalmology,Active,2019-05-06,2025-11-05,2025-04-28,1403 York Ave,Rochester,NY,10002,7185534950,[],True,NYU Grossman School of Medicine,2025-09-02
060NY855638,"Li Garcia, MD PhD",Li,Garcia,Physician,060,Otolaryngology,Expired,2020-04-18,2024-11-22,2023-10-12,9025 Lexington Ave,Queens,NY,10005,(424) 854-1496,[],False,UCSF School of Medicine,2025-09-02
060NY639728,"Li Yang, DO PhD",Li,Yang,Physician,060,Nephrology,Expired,2018-10-14,2025-08-14,2025-03-31,2617 Third Ave,Rochester,NY,10004,(424) 561-1797,[],False,University of Michigan Medical School,2025-09-02
060NY697983,"John Miller, DO PhD",John,Miller,Physician,060,Pathology,Expired,2017-11-30,2024-02-03,2022-11-28,4334 Central Park West,Rochester,NY,11202,(626) 825-2946,[],True,NYU Grossman School of Medicine,2025-09-02
060NY787436,"Charles Patel, MD",Charles,Patel,Physician,060,Internal Medicine,Expired,2018-01-24,2024-04-11,2022-04-26,1796 Second Ave,Buffalo,NY,10001,424  917.2800,[],True,NYU Grossman School of Medicine,2025-09-02
060NY794395,"Ahmed Wilson, DO PhD",Ahmed,Wilson,Physician,060,Endocrinology,Active,2022-04-12,2025-09-06,2024-04-26,7727 Central Park West,New York,NY,10003,(424) 695-4150,[],False,Columbia University Vagelos College of Physicians and Surgeons,2025-09-02
060NY513697,"Ahmed Wilson, DO PhD",Ahmed,Wilson,Physician,060,Dermatology,Expired,2021-01-22,2024-12-07,2024-07-17,5715 York Ave,Buffalo,NY,10005,(917) 751-5442,[],False,Stanford University School of Medicine,2025-09-02
060NY160541,"Christopher Zhang, DO PhD",Christopher,Zhang,Physician,060,Anesthesiology,Expired,2020-03-17,2025-08-04,2024-10-24,8362 First Ave,New York,NY,11203,(929) 917-2044,[],True,UCSF School of Medicine,2025-09-02
060NY239449,"William Rodriguez, DO PhD",William,Rodriguez,Physician,060,Cardiology,Expired,2018-11-29,2024-12-13,2024-11-04,6267 First Ave,Yonkers,NY,11202,(310) 889-9920,[],False,University of Pennsylvania Perelman School of Medicine,2025-09-02
060NY568127,"Thomas Gonzalez, MD",Thomas,Gonzalez,Physician,060,Psychiatry,Expired,2017-09-25,2023-04-10,2022-04-24,6869 Amsterdam Ave,New York,NY,10004,(347) 439-6224,[],False,Columbia University Vagelos College of Physicians and Surgeons,2025-09-02
060NY536548,"Joseph Clark, MD PhD",Joseph,Clark,Physician,060,Dermatology,Expired,2021-03-15,2025-04-16,2024-12-30,9122 Amsterdam Ave,Queens,NY,11202,(310) 259-7761,[],True,University of Pennsylvania Perelman School of Medicine,2025-09-02
060NY588640,"Jessica Lee, MD PhD",Jessica,Lee,Physician,060,Nephrology,Expired,2016-12-06,2023-07-21,2022-12-27,8744 Columbus Ave,Rochester,NY,10005,212  467.7841,[],True,NYU Grossman School of Medicine,2025-09-02
060NY469283,"Wei Thomas, DO PhD",Wei,Thomas,Physician,060,Dermatology,Expired,2020-02-02,2023-12-13,2022-07-14,5531 Lexington Ave,Syracuse,NY,11203,(212) 622-3252,[],True,Johns Hopkins School of Medicine,2025-09-02
060NY358421,"Jessica Harris, DO PhD",Jessica,Harris,Physician,060,Pediatrics,Expired,2019-03-23,2023-05-31,2021-10-04,9599 Columbus Ave,Yonkers,NY,10002,(212) 515-8286,[],False,Johns Hopkins School of Medicine,2025-09-02
060NY503951,"Elizabeth Chen, DO PhD",Elizabeth,Chen,Physician,060,Anesthesiology,Expired,2017-08-22,2023-01-26,2022-12-17,1469 Third Ave,Albany,NY,10002,(646) 342-5405,[],False,Johns Hopkins School of Medicine,2025-09-02
060NY746624,"Thomas Clark, MD PhD",Thomas,Clark,Physician,060,Pulmonology,Expired,2018-01-25,2024-02-05,2023-04-14,1261 Third Ave,Buffalo,NY,10004,(310) 542-8055,[],True,NYU Grossman School of Medicine,2025-09-02
060NY512022,"William Sanchez, MD PhD",William,Sanchez,Physician,060,Cardiology,Expired,2018-10-24,2025-01-17,2024-04-01,8045 Amsterdam Ave,BRONX,NY,11201,310  498.2133,[],False,Columbia University Vagelos College of Physicians and Surgeons,2025-09-02
060NY825309,"Robert Ramirez, DO PhD",Robert,Ramirez,Physician,060,Ophthalmology,Expired,2021-01-23,2025-05-06,2025-03-03,9797 First Ave,Yonkers,NY,14201,(626) 827-1725,[],False,UCLA David Geffen School of Medicine,2025-09-02
060NY248557,"Thomas Anderson, DO",Thomas,Anderson,Physician,060,Anesthesiology,Expired,2018-01-12,2024-12-14,2023-08-28,6409 First Ave,Albany,NY,10003,(818) 913-8412,[],True,Harvard Medical School,2025-09-02
060NY770153,"Ana Sharma, DO",Ana,Sharma,Physician,060,Urology,Expired,2019-05-07,2024-10-03,2023-11-16,3229 First Ave,Brooklyn,NY,10005,646- 889-5873,[],True,NYU Grossman School of Medicine,2025-09-02
060NY402692,"Barbara Clark, DO PhD",Barbara,Clark,Physician,060,Orthopedic Surgery,Expired,2020-09-11,2023-12-11,2023-02-07,1355 Amsterdam Ave,New York,NY,10004,(929) 755-1681,[],False,University of Pennsylvania Perelman School of Medicine,2025-09-02
060NY608913,"Christopher Ramirez, DO",Christopher,Ramirez,Physician,060,Internal Medicine,Expired,2018-02-24,2024-12-04,2024-03-08,5290 Lexington Ave,Rochester,NY,14201,(213) 407-3161,"[{""action_type"": ""Fine"", ""action_date"": ""2024-03-01"", ""description"": ""Disciplinary action related to professional conduct""}]",False,Columbia University Vagelos College of Physicians and Surgeons,2025-09-02
060NY171734,"David Miller, MD",David,Miller,Physician,060,Otolaryngology,Active,2023-10-01,2025-12-22,2024-09-18,4903 Madison Ave,Yonkers,NY,10003,(626) 653-4559,[],True,Stanford University School of Medicine,2025-09-02
060NY916808,"Mary Rodriguez, DO",Mary,Rodriguez,Physician,060,Anesthesiology,Expired,2021-02-20,2023-02-24,2022-12-09,1381 Park Ave,Albany,NY,14202,(310) 595-2847,[],False,Stanford University School of Medicine,2025-09-02
060NY759104,"Robert Harris, DO PhD",Robert,Harris,Physician,060,Gastroenterology,Active,2022-04-12,2025-10-23,2024-04-12,2831 First Ave,Brooklyn,NY,10001,(347) 280-9377,[],True,NYU Grossman School of Medicine,2025-09-02
060NY207903,"Sarah Jones, DO PhD",Sarah,Jones,Physician,060,Psychiatry,Expired,2021-07-23,2023-08-25,2021-11-08,5901 Broadway,Syracuse,NY,14202,(646) 383-1579,[],False,NYU Grossman School of Medicine,2025-09-02
060NY520400,"Mary Moore, MD",Mary,Moore,Physician,060,Pulmonology,Expired,2017-01-29,2023-05-22,2023-03-31,1957 York Ave,New York,NY,10003,347  777.5979,[],True,NYU Grossman School of Medicine,2025-09-02
060NY110060,"Mohammed Sharma, DO",Mohammed,Sharma,Physician,060,Family Medicine,Expired,2019-08-18,2024-11-17,2023-01-10,6719 Broadway,Bronx,NY,14201,(646) 928-5584,[],True,Yale School of Medicine,2025-09-02
060NY871073,"Elizabeth Garcia, MD",Elizabeth,Garcia,Physician,060,Radiology,Expired,2018-06-18,2024-10-30,2024-03-04,6462 Fifth Ave,New York,NY,11202,(718) 368-8365,[],False,Stanford University School of Medicine,2025-09-02
060NY178629,"Wei Anderson, DO",Wei,Anderson,Physician,060,Pediatrics,Expired,2018-12-11,2023-02-14,2022-03-15,6564 Third Ave,Brooklyn,NY,14202,(646) 787-8096,[],False,Harvard Medical School,2025-09-02
060NY161437,"Patricia Wang, MD PhD",Patricia,Wang,Physician,060,Endocrinology,Expired,2023-07-27,2025-08-24,2025-06-04,2947 Broadway,Rochester,NY,14202,(818) 257-4594,[],False,Johns Hopkins School of Medicine,2025-09-02
060NY299212,"William Jones, MD",William,Jones,Physician,060,Ophthalmology,Expired,2021-12-03,2025-04-18,2025-03-28,7910 Central Park West,New York,NY,11202,(323) 702-3516,[],False,UCLA David Geffen School of Medicine,2025-09-02
060NY221119,"Liu, Rajesh DO PhD",Rajesh,Liu,Physician,060,Oncology,Expired,2021-10-13,2024-09-23,2022-11-06,422 Park Ave,Queens,NY,10005,9293918303,[],False,UCSF School of Medicine,2025-09-02
060NY974625,"Ana Gonzalez, DO",Ana,Gonzalez,Physician,060,Radiology,Expired,2021-07-17,2024-06-12,2023-11-17,1284 Columbus Ave,Yonkers,NY,10004,(310) 212-9561,[],True,Johns Hopkins School of Medicine,2025-09-02
060NY786594,"Sarah Miller, MD",Sarah,Miller,Physician,060,Otolaryngology,Expired,2021-09-12,2025-09-21,2024-11-30,1655 Lexington Ave,Albany,NY,11201,(626) 910-7581,[],False,University of Pennsylvania Perelman School of Medicine,2025-09-02
060NY339030,"Mohammed White, MD",Mohammed,White,Physician,060,Anesthesiology,Expired,2018-09-19,2023-10-03,2021-12-18,4966 Lexington Ave,Buffalo,NY,11203,213  958.8937,[],False,Yale School of Medicine,2025-09-02
060NY160426,"Ahmed Kumar, DO PhD",Ahmed,Kumar,Physician,060,Internal Medicine,Expired,2017-07-03,2024-05-25,2024-05-22,8590 Amsterdam Ave,New York,NY,10003,(626) 326-1500,[],False,University of Michigan Medical School,2025-09-02
060NY382154,"Sarah Chen, MD PhD",Sarah,Chen,Physician,060,Endocrinology,Expired,2022-12-05,2025-04-18,2024-07-16,4238 Central Park West,Brooklyn,NY,10005,(424) 512-5511,[],False,UCSF School of Medicine,2025-09-02
060NY412974,"Charles Singh, DO PhD",Charles,Singh,Physician,060,Nephrology,Expired,2020-12-21,2023-08-10,2022-08-30,121 York Ave,Rochester,NY,14201,(323) 983-4937,[],False,Johns Hopkins School of Medicine,2025-09-02
060NY660605,Charles Taylor DO PhD,Charles,Taylor,Physician,060,Pediatrics,Expired,2021-01-23,2025-09-01,2024-04-27,579 Amsterdam Ave,Bronx,NY,11201,818  464.3999,[],False,University of Pennsylvania Perelman School of Medicine,2025-09-02
060NY235691,"Mary Brown, MD",Mary,Brown,Physician,060,Gastroenterology,Expired,2021-11-16,2025-06-07,2024-06-08,3431 Madison Ave,Queens,NY,11203,(212) 529-9700,[],True,University of Pennsylvania Perelman School of Medicine,2025-09-02
060NY404955,"Charles Rodriguez, MD",Charles,Rodriguez,Physician,060,Endocrinology,Expired,2021-07-30,2025-07-22,2025-01-10,9645 Lexington Ave,Queens,NY,10002,(646) 613-1313,[],True,University of Pennsylvania Perelman School of Medicine,2025-09-02
060NY738584,"Thomas Yang, DO",Thomas,Yang,Physician,060,Emergency Medicine,Expired,2020-09-20,2024-02-14,2022-05-20,1719 York Ave,Brooklyn,NY,10005,(917) 904-8875,[],True,Harvard Medical School,2025-09-02
060NY956794,"David Shah, MD PhD",David,Shah,Physician,060,Pediatrics,Expired,2017-11-15,2024-04-26,2024-02-22,4558 Broadway,Albany,NY,10004,(310) 963-1291,[],False,Harvard Medical School,2025-09-02
060NY717942,"Gonzalez, Karen DO",Karen,Gonzalez,Physician,060,Dermatology,Active,2022-12-06,2025-10-29,2023-11-23,6438 Park Ave,Syracuse,NY,10004,(646) 908-3845,[],True,UCLA David Geffen School of Medicine,2025-09-02
060NY884782,"Linda Liu, DO",Linda,Liu,Physician,060,Anesthesiology,Inactive,2021-03-11,2025-11-15,2024-02-08,5618 Lexington Ave,Syracuse,NY,10003,(626) 335-3913,[],False,NYU Grossman School of Medicine,2025-09-02
060NY918859,"Michael Harris, DO PhD",Michael,Harris,Physician,060,Psychiatry,Expired,2021-07-31,2025-06-26,2024-04-10,5123 York Ave,New York,NY,10001,(626) 276-4063,[],True,Harvard Medical School,2025-09-02
060NY415783,Thomas Rodriguez DO,Thomas,Rodriguez,Physician,060,Radiology,Active,2019-05-28,2025-10-01,2025-02-26,4179 Broadway,Rochester,NY,11203,(323) 363-7814,[],False,NYU Grossman School of Medicine,2025-09-02
060NY773462,Mary Perez MD PhD,Mary,Perez,Physician,060,Internal Medicine,Expired,2018-10-18,2024-05-14,2022-09-22,8692 First Ave,Albany,NY,10001,929  726.9335,[],False,Columbia University Vagelos College of Physicians and Surgeons,2025-09-02
060NY892682,"Jennifer Lewis, DO PhD",Jennifer,Lewis,Physician,060,Pediatrics,Expired,2020-11-18,2023-04-04,2022-08-15,277 Second Ave,Brooklyn,NY,14201,(213) 604-1504,[],True,University of Pennsylvania Perelman School of Medicine,2025-09-02
060NY345925,"David Jackson, MD",David,Jackson,Physician,060,Anesthesiology,Expired,2017-03-08,2023-07-24,2022-04-12,3235 Central Park West,Syracuse,NY,11201,8187983496,[],False,UCLA David Geffen School of Medicine,2025-09-02
060NY420310,"Joseph Anderson, DO PhD",Joseph,Anderson,Physician,060,Ophthalmology,Revoked,2020-02-18,2025-09-24,2025-08-13,5890 Madison Ave,Rochester,NY,11203,(818) 841-2252,[],True,Yale School of Medicine,2025-09-02
060NY931161,"Mohammed Jones, MD PhD",Mohammed,Jones,Physician,060,Urology,Expired,2023-09-08,2025-09-14,2025-08-28,3652 York Ave,Yonkers,NY,11201,917- 353-4062,[],False,Stanford University School of Medicine,2025-09-02
060NY966662,"Karen Kumar, MD PhD",Karen,Kumar,Physician,060,Urology,Expired,2019-10-03,2023-11-03,2022-09-04,5615 First Ave,Brooklyn,NY,10004,(718) 693-3135,[],True,Yale School of Medicine,2025-09-02
060NY977857,"Ahmed Singh, DO PhD",Ahmed,Singh,Physician,060,Gastroenterology,Expired,2021-07-05,2023-07-20,2022-04-02,7900 Second Avenue,Rochester,NY,14202,(347) 393-1089,[],True,Yale School of Medicine,2025-09-02
060NY692099,"Jennifer Wilson, MD PhD",Jennifer,Wilson,Physician,060,Urology,Expired,2019-09-20,2025-01-18,2024-09-21,1747 Madison Ave,Yonkers,NY,14202,(323) 768-8925,[],False,NYU Grossman School of Medicine,2025-09-02
060NY640869,"Michael Lopez, DO PhD",Michael,Lopez,Physician,060,Internal Medicine,Expired,2019-08-25,2024-04-19,2022-10-03,3305 Columbus Ave,Albany,NY,10005,(929) 885-7474,[],True,Harvard Medical School,2025-09-02
060NY373791,"Charles Chen, MD PhD",Charles,Chen,Physician,060,Gastroenterology,Expired,2020-01-28,2023-12-25,2023-11-22,4531 Park Ave,Bronx,NY,11203,(347) 750-5098,[],False,University of Michigan Medical School,2025-09-02
060NY976960,"Thomas Lopez, DO",Thomas,Lopez,Physician,060,Dermatology,Expired,2019-06-04,2024-12-30,2024-02-15,3272 Park Ave,Bronx,NY,10005,(929) 835-6167,[],False,Johns Hopkins School of Medicine,2025-09-02
060NY819678,"Carlos Wang, DO",Carlos,Wang,Physician,060,Pulmonology,Expired,2019-08-06,2023-12-24,2023-09-06,6934 First Ave,ALBANY,NY,10001,(718) 533-6924,[],False,Yale School of Medicine,2025-09-02
060NY995825,"Yang, Barbara MD PhD",Barbara,Yang,Physician,060,Emergency Medicine,Expired,2019-07-10,2025-03-31,2024-11-11,8172 Second Ave,Bronx,NY,11202,(323) 642-7240,[],True,UCSF School of Medicine,2025-09-02
060NY990136,"Jennifer Yang, MD PhD",Jennifer,Yang,Physician,060,Pediatrics,Expired,2016-10-30,2023-05-27,2022-12-22,2374 Madison Ave,Rochester,NY,11202,(347) 655-6950,[],False,Johns Hopkins School of Medicine,2025-09-02
060NY109576,"John Smith, DO",John,Smith,Physician,060,Anesthesiology,Expired,2018-08-26,2025-05-31,2025-03-16,7688 York Ave,New York,NY,11203,(213) 455-3675,[],False,University of Pennsylvania Perelman School of Medicine,2025-09-02
060NY834498,"Rajesh Thomas, MD PhD",Rajesh,Thomas,Physician,060,Neurology,Active,2021-09-20,2025-10-04,2024-11-23,8716 Lexington Avenue,Yonkers,NY,10004,(347) 328-8183,[],True,Stanford University School of Medicine,2025-09-02
060NY253184,"Christopher Perez, DO PhD",Christopher,Perez,Physician,060,Emergency Medicine,Expired,2019-01-13,2023-04-25,2021-04-27,8166 Third Ave,Syracuse,NY,10001,(718) 986-5078,"[{""action_type"": ""Probation"", ""action_date"": ""2023-10-02"", ""description"": ""Disciplinary action related to documentation""}]",False,Harvard Medical School,2025-09-02
060NY228074,"Carlos Miller, DO",Carlos,Miller,Physician,060,Nephrology,Expired,2019-06-24,2024-06-02,2024-02-21,5114 Third Ave,Queens,NY,10001,(212) 371-5523,[],True,University of Pennsylvania Perelman School of Medicine,2025-09-02
060NY896456,"Ana Patel, DO",Ana,Patel,Physician,060,Internal Medicine,Expired,2020-10-21,2023-05-03,2022-05-27,1467 Park Ave,Queens,NY,11203,(626) 974-6690,[],True,UCLA David Geffen School of Medicine,2025-09-02
060NY215830,"Mary Jones, DO PhD",Mary,Jones,Physician,060,Endocrinology,Expired,2020-11-06,2023-07-17,2022-12-12,8152 York Ave,Queens,NY,14202,(718) 232-7366,[],False,University of Michigan Medical School,2025-09-02
060NY478458,"Joseph Liu, MD",Joseph,Liu,Physician,060,Pathology,Expired,2022-11-22,2025-05-01,2024-07-22,3420 Columbus Ave,Syracuse,NY,10002,(323) 299-2658,[],True,UCLA David Geffen School of Medicine,2025-09-02
060NY797557,"Priya Thomas, DO",Priya,Thomas,Physician,060,Cardiology,Expired,2019-02-18,2025-05-24,2023-11-17,9145 Second Ave,BROOKLYN,NY,14202,310- 560-6163,[],False,UCLA David Geffen School of Medicine,2025-09-02
060NY516379,"Joseph Wang, DO",Joseph,Wang,Physician,060,Internal Medicine,Expired,2020-07-22,2023-01-01,2021-06-18,9016 Central Park West,Buffalo,NY,11201,(917) 522-1355,[],False,Yale School of Medicine,2025-09-02
060NY931420,"Elizabeth Thompson, DO",Elizabeth,Thompson,Physician,060,Orthopedic Surgery,Active,2018-10-30,2025-09-15,2024-11-15,6015 Amsterdam Ave,Bronx,NY,10004,(212) 989-6478,[],False,Stanford University School of Medicine,2025-09-02
060NY831663,"Fatima Smith, DO PhD",Fatima,Smith,Physician,060,Dermatology,Expired,2018-07-21,2024-03-28,2023-02-09,8592 Broadway,Rochester,NY,14201,(347) 603-3425,[],False,UCSF School of Medicine,2025-09-02
060NY305625,"Thomas Garcia, DO PhD",Thomas,Garcia,Physician,060,Psychiatry,Active,2023-09-18,2025-12-09,2024-10-05,2137 Madison Ave,Syracuse,NY,14201,(213) 574-6706,[],False,University of Michigan Medical School,2025-09-02
060NY747983,"Johnson, Priya DO PhD",Priya,Johnson,Physician,060,Internal Medicine,Expired,2021-01-05,2024-07-09,2024-02-20,8632 Broadway,Buffalo,NY,10003,(626) 595-4787,[],True,UCSF School of Medicine,2025-09-02
060NY347678,Susan Robinson MD,Susan,Robinson,Physician,060,Emergency Medicine,Active,2023-10-16,2025-10-23,2024-06-22,8674 Lexington Avenue,Rochester,NY,11203,(213) 872-3248,[],False,University of Michigan Medical School,2025-09-02
060NY343461,"Martinez, Thomas DO",Thomas,Martinez,Physician,060,Family Medicine,Expired,2020-01-08,2024-04-17,2023-07-22,3027 Broadway,Buffalo,NY,14202,(213) 703-8763,[],True,University of Pennsylvania Perelman School of Medicine,2025-09-02
060NY747033,Fatima Moore DO PhD,Fatima,Moore,Physician,060,Radiology,Active,2019-04-19,2025-09-30,2024-10-23,3324 Park Ave,Brooklyn,NY,10003,(424) 960-9784,[],True,Stanford University School of Medicine,2025-09-02
060NY311741,Mohammed Sharma DO,Mohammed,Sharma,Physician,060,Gastroenterology,Expired,2019-08-16,2025-07-20,2023-10-14,5300 First Ave,New York,NY,10003,(323) 924-7292,[],True,Yale School of Medicine,2025-09-02
060NY567935,"Fatima Perez, DO",Fatima,Perez,Physician,060,Orthopedic Surgery,Expired,2019-12-26,2024-08-14,2022-08-20,2370 Madison Ave,New York,NY,11202,(310) 756-1094,[],False,University of Pennsylvania Perelman School of Medicine,2025-09-02
060NY978721,Elizabeth Garcia MD,Elizabeth,Garcia,Physician,060,Radiology,Expired,2021-05-04,2024-09-03,2024-08-29,8968 Lexington Ave,ALBANY,NY,10004,(424) 775-3906,[],False,Stanford University School of Medicine,2025-09-02
060NY534773,"Sarah Shah, DO PhD",Sarah,Shah,Physician,060,Internal Medicine,Expired,2018-06-01,2025-04-27,2024-10-17,2948 Amsterdam Ave,Bronx,NY,10005,347  507.9301,[],False,Stanford University School of Medicine,2025-09-02
060NY724103,"Robert Moore, MD",Robert,Moore,Physician,060,Anesthesiology,Expired,2020-04-28,2023-08-28,2023-01-24,6148 Columbus Ave,Albany,NY,10003,(347) 421-9603,[],True,NYU Grossman School of Medicine,2025-09-02
060NY434652,"Carlos Martin, MD",Carlos,Martin,Physician,060,Cardiology,Expired,2021-04-19,2025-06-22,2023-12-30,5115 Columbus Ave,Bronx,NY,11201,(718) 411-9888,[],False,Johns Hopkins School of Medicine,2025-09-02
060NY481104,"Elizabeth Miller, DO PhD",Elizabeth,Miller,Physician,060,Orthopedic Surgery,Expired,2022-06-09,2025-03-13,2023-07-18,7626 First Ave,Bronx,NY,10004,(310) 672-3798,[],False,University of Michigan Medical School,2025-09-02
060NY751034,"Jennifer Miller, MD PhD",Jennifer,Miller,Physician,060,Ophthalmology,Expired,2019-02-16,2024-05-14,2023-09-02,1163 Lexington Ave,Albany,NY,11203,(424) 550-9921,[],True,Stanford University School of Medicine,2025-09-02
060NY725376,"Karen Robinson, MD PhD",Karen,Robinson,Physician,060,Radiology,Expired,2018-02-21,2025-02-15,2023-12-13,7295 Madison Ave,Buffalo,NY,11202,310  744.5775,[],False,University of Pennsylvania Perelman School of Medicine,2025-09-02
060NY240800,"Christopher Lopez, DO PhD",Christopher,Lopez,Physician,060,Pediatrics,Expired,2017-09-03,2023-01-24,2022-09-29,9101 Second Ave,Rochester,NY,11202,(818) 818-7974,[],True,Yale School of Medicine,2025-09-02
060NY672696,"Jennifer Thompson, DO",Jennifer,Thompson,Physician,060,Pulmonology,Expired,2021-12-27,2025-01-21,2023-02-14,9906 Broadway,Syracuse,NY,10004,(818) 948-9624,[],False,Stanford University School of Medicine,2025-09-02
060NY369437,"Charles Shah, MD",Charles,Shah,Physician,060,Cardiology,Expired,2016-07-08,2023-01-30,2022-09-30,1260 Lexington Ave,Buffalo,NY,10003,(310) 385-9640,[],False,Johns Hopkins School of Medicine,2025-09-02
060NY385831,"Mary Singh, MD",Mary,Singh,Physician,060,Emergency Medicine,Expired,2021-06-27,2024-11-17,2024-10-07,8705 Columbus Ave,Rochester,NY,11202,(323) 545-3947,[],True,Stanford University School of Medicine,2025-09-02
060NY842470,"Susan Miller, DO PhD",Susan,Miller,Physician,060,Pediatrics,Expired,2020-04-10,2023-09-03,2023-06-22,4642 Lexington Ave,Bronx,NY,10001,310  876.2240,[],False,UCLA David Geffen School of Medicine,2025-09-02
060NY834061,"Maria Taylor, DO PhD",Maria,Taylor,Physician,060,Oncology,Expired,2022-02-08,2024-11-06,2024-01-28,8155 Madison Ave,New York,NY,10001,(917) 203-7298,[],False,University of Michigan Medical School,2025-09-02
060NY571132,"Sarah Thomas, DO PhD",Sarah,Thomas,Physician,060,Internal Medicine,Expired,2017-11-15,2023-02-03,2021-12-07,8857 Columbus Ave,Buffalo,NY,11203,6267493440,"[{""action_type"": ""Fine"", ""action_date"": ""2024-12-20"", ""description"": ""Disciplinary action related to patient care""}]",True,Harvard Medical School,2025-09-02
060NY202018,"John Patel, MD",John,Patel,Physician,060,Urology,Expired,2021-01-20,2025-07-23,2023-09-29,2139 Broadway,Queens,NY,10001,(718) 407-7983,[],False,Stanford University School of Medicine,2025-09-02
060NY559969,"Carlos Williams, DO",Carlos,Williams,Physician,060,Otolaryngology,Expired,2017-06-30,2024-05-13,2023-03-20,1979 Lexington Ave,Queens,NY,11202,(212) 207-3939,[],False,UCSF School of Medicine,2025-09-02
060NY192296,"Rajesh Moore, DO PhD",Rajesh,Moore,Physician,060,Pathology,Expired,2019-10-13,2024-09-08,2023-06-12,2860 Amsterdam Ave,New York,NY,14202,(929) 979-9842,[],True,University of Pennsylvania Perelman School of Medicine,2025-09-02
060NY555786,"James Martinez, DO PhD",James,Martinez,Physician,060,Radiology,Expired,2017-08-08,2024-05-29,2023-10-31,2618 Columbus Ave,New York,NY,10001,310- 727-2901,[],True,University of Michigan Medical School,2025-09-02
060NY409499,"Robert Williams, MD",Robert,Williams,Physician,060,Dermatology,Expired,2020-10-29,2023-11-18,2022-01-09,1821 First Ave,Syracuse,NY,11202,(424) 684-8581,[],True,University of Pennsylvania Perelman School of Medicine,2025-09-02
060NY101429,"John Patel, MD PhD",John,Patel,Physician,060,Oncology,Expired,2018-08-28,2023-05-25,2022-03-04,7525 Amsterdam Ave,New York,NY,11203,917- 901-2326,[],False,Yale School of Medicine,2025-09-02
060NY806013,"Susan Singh, MD",Susan,Singh,Physician,060,Neurology,Expired,2018-12-10,2023-05-15,2023-03-14,8715 Columbus Ave,Albany,NY,10005,(347) 314-3424,[],True,Yale School of Medicine,2025-09-02
060NY343613,"Priya Sharma, DO",Priya,Sharma,Physician,060,Radiology,Active,2019-03-30,2025-11-30,2024-08-18,6884 First Ave,New York,NY,10005,(310) 511-3161,[],True,University of Pennsylvania Perelman School of Medicine,2025-09-02
060NY826515,"Carlos Brown, DO",Carlos,Brown,Physician,060,Orthopedic Surgery,Expired,2020-09-20,2023-11-11,2023-01-21,7470 Madison Ave,Queens,NY,14201,6464101568,[],False,Johns Hopkins School of Medicine,2025-09-02
060NY263633,"Sharma, William MD PhD",William,Sharma,Physician,060,Ophthalmology,Expired,2020-01-13,2023-01-09,2022-12-26,409 Second Avenue,Syracuse,NY,10003,(929) 905-2840,[],False,Johns Hopkins School of Medicine,2025-09-02
060NY332934,"Jennifer Yang, DO",Jennifer,Yang,Physician,060,Neurology,Expired,2018-04-15,2024-07-23,2022-12-01,1516 Third Ave,New York,NY,14202,(929) 817-9381,[],False,Johns Hopkins School of Medicine,2025-09-02
060NY535798,"Patricia Smith, MD PhD",Patricia,Smith,Physician,060,Anesthesiology,Expired,2021-10-14,2025-06-25,2024-03-22,5048 First Ave,Albany,NY,10002,(347) 686-9606,[],True,UCLA David Geffen School of Medicine,2025-09-02
060NY614416,"Rajesh Moore, DO PhD",Rajesh,Moore,Physician,060,Anesthesiology,Expired,2016-05-24,2023-03-28,2021-11-25,7572 Central Park West,Queens,NY,10004,(347) 507-8742,[],False,Johns Hopkins School of Medicine,2025-09-02
060NY431570,"Fatima Thompson, MD",Fatima,Thompson,Physician,060,Emergency Medicine,Expired,2021-03-06,2024-09-08,2024-01-27,8678 Columbus Ave,Brooklyn,NY,14201,(347) 581-8944,[],False,Stanford University School of Medicine,2025-09-02
060NY480180,"Joseph Gonzalez, MD",Joseph,Gonzalez,Physician,060,Pulmonology,Expired,2021-01-12,2023-10-12,2023-03-02,1252 Fifth Ave,Queens,NY,10001,(818) 345-4712,"[{""action_type"": ""Fine"", ""action_date"": ""2022-11-12"", ""description"": ""Disciplinary action related to professional conduct""}]",True,Johns Hopkins School of Medicine,2025-09-02
060NY721990,"Carlos Davis, MD",Carlos,Davis,Physician,060,Nephrology,Expired,2018-03-30,2023-05-02,2022-12-05,7935 Second Ave,New York,NY,10004,(917) 801-4277,[],False,Stanford University School of Medicine,2025-09-02
060NY478798,"Anderson, Susan DO PhD",Susan,Anderson,Physician,060,Ophthalmology,Expired,2019-09-10,2024-08-13,2024-05-04,5150 Fifth Ave,Syracuse,NY,10002,(818) 519-8273,[],False,UCLA David Geffen School of Medicine,2025-09-02
060NY189135,"Priya White, DO",Priya,White,Physician,060,Dermatology,Expired,2017-12-24,2023-09-02,2022-10-20,8056 Columbus Ave,Brooklyn,NY,11202,(917) 809-7623,[],True,UCSF School of Medicine,2025-09-02
060NY228125,"Sarah Moore, DO PhD",Sarah,Moore,Physician,060,Nephrology,Expired,2022-04-18,2024-05-28,2024-02-09,9883 Second Ave,Syracuse,NY,14201,(646) 591-6356,[],False,University of Michigan Medical School,2025-09-02
060NY995852,"Jennifer Shah, MD",Jennifer,Shah,Physician,060,Endocrinology,Expired,2020-04-17,2023-11-17,2023-03-12,8038 Columbus Ave,Albany,NY,14201,(929) 262-1461,[],True,NYU Grossman School of Medicine,2025-09-02
060NY779564,"Carlos Perez, DO PhD",Carlos,Perez,Physician,060,Otolaryngology,Expired,2019-01-03,2024-10-01,2023-01-12,5655 Third Ave,Yonkers,NY,112**,(212) 671-7921,[],False,Harvard Medical School,2025-09-02
060NY902059,"Mary Harris, DO PhD",Mary,Harris,Physician,060,Orthopedic Surgery,Expired,2019-12-08,2024-11-26,2023-02-23,1602 First Ave,Brooklyn,NY,10004,347- 471-1778,[],False,University of Michigan Medical School,2025-09-02
060NY428574,"Sarah Perez, MD PhD",Sarah,Perez,Physician,060,Gastroenterology,Expired,2019-02-28,2024-02-14,2022-07-13,8701 First Ave,Yonkers,NY,10004,(646) 790-9178,"[{""action_type"": ""Warning"", ""action_date"": ""2023-10-03"", ""description"": ""Disciplinary action related to professional conduct""}]",False,Yale School of Medicine,2025-09-02
060NY970542,"Rajesh Brown, DO",Rajesh,Brown,Physician,060,Neurology,Expired,2018-08-31,2023-05-12,2023-01-21,2421 Park Ave,Queens,NY,10005,(718) 353-4144,[],True,UCSF School of Medicine,2025-09-02
060NY429153,"Linda Williams, DO",Linda,Williams,Physician,060,Pediatrics,Expired,2018-08-19,2024-09-02,2023-12-20,2236 Broadway,Buffalo,NY,10005,(718) 734-9605,[],False,University of Pennsylvania Perelman School of Medicine,2025-09-02
060NY308314,"Linda Lee, DO PhD",Linda,Lee,Physician,060,Gastroenterology,Expired,2019-12-14,2023-06-22,2021-09-17,2188 Lexington Ave,Queens,NY,14202,(626) 826-4747,[],False,Columbia University Vagelos College of Physicians and Surgeons,2025-09-02
060NY575747,"Karen Ramirez, MD PhD",Karen,Ramirez,Physician,060,Endocrinology,Active,2019-01-20,2025-10-09,2024-03-10,6029 Madison Ave,Brooklyn,NY,10001,9178144531,[],True,Johns Hopkins School of Medicine,2025-09-02
060NY127223,"William Hernandez, MD PhD",William,Hernandez,Physician,060,Cardiology,Expired,2022-01-22,2024-08-05,2022-11-05,9596 Park Ave,New York,NY,14201,818- 875-8861,[],False,Harvard Medical School,2025-09-02
060NY600811,"Rajesh Martinez, DO PhD",Rajesh,Martinez,Physician,060,Dermatology,Expired,2020-11-12,2024-09-07,2024-01-05,8597 Fifth Ave,Buffalo,NY,11203,(718) 246-9411,"[{""action_type"": ""Probation"", ""action_date"": ""2023-08-04"", ""description"": ""Disciplinary action related to professional conduct""}]",False,Stanford University School of Medicine,2025-09-02
060NY924366,"Sarah Taylor, MD PhD",Sarah,Taylor,Physician,060,Oncology,Expired,2019-04-06,2024-01-09,2022-06-13,1340 York Ave,New York,NY,10002,(347) 549-4066,[],True,University of Michigan Medical School,2025-09-02
060NY789666,"Linda Sharma, MD",Linda,Sharma,Physician,060,Anesthesiology,Active,2023-02-25,2025-09-23,2025-05-06,1912 Broadway,Queens,NY,11203,(917) 314-1260,[],True,University of Pennsylvania Perelman School of Medicine,2025-09-02
060NY380859,"Jennifer Shah, DO PhD",Jennifer,Shah,Physician,060,Nephrology,Expired,2018-06-26,2025-05-04,2025-01-19,995 York Ave,New York,NY,11202,(818) 396-8688,"[{""action_type"": ""Suspension"", ""action_date"": ""2023-04-12"", ""description"": ""Disciplinary action related to patient care""}]",False,Yale School of Medicine,2025-09-02
060NY870267,"Mary Liu, DO PhD",Mary,Liu,Physician,060,Nephrology,Expired,2019-12-12,2025-01-07,2024-08-22,4807 Central Park West,Yonkers,NY,11202,646  820.9063,[],False,Columbia University Vagelos College of Physicians and Surgeons,2025-09-02
060NY922911,"Sarah Smith, DO PhD",Sarah,Smith,Physician,060,Oncology,Expired,2020-08-01,2023-10-14,2023-07-07,3869 Central Park West,Albany,NY,14202,(718) 350-7974,[],True,Harvard Medical School,2025-09-02
060NY712686,"Christopher Lewis, MD",Christopher,Lewis,Physician,060,Gastroenterology,Active,2020-07-03,2025-10-18,2025-01-04,8623 Second Ave,ALBANY,NY,14201,(646) 921-9408,[],True,UCSF School of Medicine,2025-09-02
060NY583326,"Barbara Wang, MD PhD",Barbara,Wang,Physician,060,Pulmonology,Expired,2018-07-15,2025-07-10,2024-12-08,5535 Second Ave,Syracuse,NY,14202,(929) 753-1750,[],False,Stanford University School of Medicine,2025-09-02
060NY161775,"Linda Johnson, MD PhD",Linda,Johnson,Physician,060,Orthopedic Surgery,Expired,2019-05-26,2024-10-28,2024-02-15,1492 Fifth Ave,Brooklyn,NY,14201,(347) 584-2981,[],True,University of Michigan Medical School,2025-09-02
060NY825452,"Rajesh Taylor, DO PhD",Rajesh,Taylor,Physician,060,Family Medicine,Expired,2018-09-28,2023-10-01,2023-01-28,5270 Third Avenue,Bronx,NY,11203,(323) 283-2270,[],True,Stanford University School of Medicine,2025-09-02
060NY233620,"Kumar, Sarah DO PhD",Sarah,Kumar,Physician,060,Otolaryngology,Expired,2019-06-04,2024-06-15,2022-07-04,3175 Columbus Ave,Queens,NY,10002,310  202.7997,[],True,UCLA David Geffen School of Medicine,2025-09-02
060NY431603,"Priya Singh, DO PhD",Priya,Singh,Physician,060,Oncology,Expired,2016-04-23,2023-01-11,2022-06-04,8475 Broadway,Bronx,NY,10001,(917) 368-6394,[],True,Harvard Medical School,2025-09-02
060NY348243,"Sarah Perez, MD PhD",Sarah,Perez,Physician,060,Radiology,Expired,2016-06-08,2023-05-30,2023-03-01,7760 Park Ave,Rochester,NY,10001,(213) 520-2065,[],True,Harvard Medical School,2025-09-02
060NY771670,"John Singh, DO",John,Singh,Physician,060,Pediatrics,Expired,2020-11-05,2024-02-17,2023-05-09,8309 York Ave,NEW YORK,NY,11202,(424) 506-7859,[],True,UCSF School of Medicine,2025-09-02
060NY305507,"Jackson, Christopher DO",Christopher,Jackson,Physician,060,Orthopedic Surgery,Expired,2019-02-15,2023-02-14,2021-07-25,4293 Central Park West,Queens,NY,11201,(310) 445-7056,[],True,University of Michigan Medical School,2025-09-02
060NY143141,"Fatima White, MD PhD",Fatima,White,Physician,060,Endocrinology,Expired,2023-06-17,2025-08-10,2023-11-07,2201 Fifth Ave,Buffalo,NY,11203,(929) 479-7264,[],True,University of Pennsylvania Perelman School of Medicine,2025-09-02
060NY994376,"Joseph Wilson, DO PhD",Joseph,Wilson,Physician,060,Pathology,Expired,2017-06-06,2023-03-03,2022-09-08,9618 York Ave,Syracuse,NY,11203,213- 635-7608,[],False,University of Michigan Medical School,2025-09-02
060NY172103,"Patricia Singh, MD",Patricia,Singh,Physician,060,Neurology,Expired,2021-11-14,2025-03-07,2024-09-05,6732 Second Ave,Queens,NY,10002,(424) 407-9232,[],False,University of Pennsylvania Perelman School of Medicine,2025-09-02
060NY401897,"David Sanchez, DO",David,Sanchez,Physician,060,Pathology,Expired,2022-06-15,2025-07-23,2024-04-08,9327 First Ave,Syracuse,NY,11203,(310) 593-4005,[],True,Harvard Medical School,2025-09-02
060NY392701,"MICHAEL SMITH, MD PHD",Michael,Smith,Physician,060,Oncology,Expired,2020-08-22,2023-11-27,2023-10-26,2237 Third Ave,Syracuse,NY,11203,(718) 887-1183,[],False,UCSF School of Medicine,2025-09-02
060NY154961,"Ahmed Williams, DO",Ahmed,Williams,Physician,060,Internal Medicine,Expired,2018-12-22,2023-01-10,2022-03-10,783 Columbus Ave,Albany,NY,10002,(212) 214-6523,[],True,Stanford University School of Medicine,2025-09-02
060NY696854,"Mohammed Wilson, DO PhD",Mohammed,Wilson,Physician,060,Emergency Medicine,Expired,2019-07-18,2023-12-18,2023-10-15,9812 First Ave,Brooklyn,NY,14201,718  543.1289,[],False,Yale School of Medicine,2025-09-02
060NY162833,"Ahmed Smith, DO",Ahmed,Smith,Physician,060,Pathology,Expired,2020-11-18,2023-10-09,2023-10-02,2033 Lexington Ave,Bronx,NY,11202,(310) 956-6385,[],False,Harvard Medical School,2025-09-02
060NY285006,"Jessica Wilson, DO",Jessica,Wilson,Physician,060,Anesthesiology,Expired,2019-05-30,2024-05-24,2023-03-21,6984 Central Park West,Syracuse,NY,10005,(213) 371-8712,[],False,University of Michigan Medical School,2025-09-02
060NY908735,"Jennifer White, DO PhD",Jennifer,White,Physician,060,Endocrinology,Expired,2021-10-08,2024-12-14,2023-10-16,9639 Fifth Ave,Yonkers,NY,10001,(929) 846-1462,[],True,University of Michigan Medical School,2025-09-02
060NY184251,"Thomas Thomas, DO",Thomas,Thomas,Physician,060,Neurology,Active,2019-12-27,2025-11-27,2025-02-28,1513 Columbus Ave,YONKERS,NY,11202,(347) 951-7743,[],True,University of Michigan Medical School,2025-09-02
060NY160022,"Carlos Perez, DO PhD",Carlos,Perez,Physician,060,Radiology,Expired,2018-12-31,2024-12-30,2023-02-06,5621 Third Ave,Bronx,NY,11201,(347) 916-5072,[],False,UCSF School of Medicine,2025-09-02
060NY624112,"Fatima Rodriguez, DO",Fatima,Rodriguez,Physician,060,Dermatology,Expired,2020-03-29,2025-07-22,2023-12-01,151 York Ave,Syracuse,NY,112**,(347) 923-8836,[],True,Columbia University Vagelos College of Physicians and Surgeons,2025-09-02
060NY784507,"Robert Sanchez, DO",Robert,Sanchez,Physician,060,Pediatrics,Expired,2018-02-19,2025-02-07,2023-06-10,3947 Second Ave,Syracuse,NY,10005,(718) 700-9351,[],True,University of Michigan Medical School,2025-09-02
060NY933853,"Maria Miller, DO",Maria,Miller,Physician,060,Oncology,Expired,2018-11-10,2024-01-14,2022-10-12,7106 Lexington Ave,Queens,NY,10002,(323) 930-3033,[],True,University of Michigan Medical School,2025-09-02
060NY136705,"Elizabeth Lee, MD",Elizabeth,Lee,Physician,060,Cardiology,Expired,2018-01-19,2023-06-23,2022-03-25,9423 Park Ave,Queens,NY,10002,(212) 731-5807,[],False,University of Michigan Medical School,2025-09-02
060NY249600,"Patricia Sharma, DO PhD",Patricia,Sharma,Physician,060,Otolaryngology,Expired,2021-09-01,2025-02-14,2025-01-25,2091 Lexington Ave,New York,NY,14201,(929) 679-9228,[],False,Yale School of Medicine,2025-09-02
060NY273133,"Garcia, Li MD PhD",Li,Garcia,Physician,060,Pediatrics,Expired,2019-03-21,2023-04-28,2022-01-07,5124 Fifth Ave,Brooklyn,NY,10002,(323) 901-9722,[],True,Harvard Medical School,2025-09-02
060NY239794,"Linda Sharma, MD PhD",Linda,Sharma,Physician,060,Pathology,Active,2018-12-24,2025-11-18,2023-12-08,8653 Columbus Ave,New York,NY,14202,(323) 984-2931,[],False,Columbia University Vagelos College of Physicians and Surgeons,2025-09-02
060NY989561,"Maria Wang, DO PhD",Maria,Wang,Physician,060,Internal Medicine,Active,2022-06-14,2025-09-26,2024-03-29,4995 Columbus Ave,Albany,NY,10001,(929) 939-4050,[],False,Stanford University School of Medicine,2025-09-02
060NY482201,"David Singh, DO",David,Singh,Physician,060,Orthopedic Surgery,Expired,2022-10-09,2025-05-27,2024-04-18,7986 Broadway,Queens,NY,10005,(212) 567-4251,[],True,Harvard Medical School,2025-09-02
060NY938672,"Maria Perez, MD",Maria,Perez,Physician,060,Anesthesiology,Expired,2018-06-17,2023-09-18,2023-05-03,3261 First Ave,BUFFALO,NY,10002,(929) 712-1223,[],True,NYU Grossman School of Medicine,2025-09-02
060NY295937,"John Ramirez, DO PhD",John,Ramirez,Physician,060,Emergency Medicine,Expired,2019-05-19,2024-05-25,2024-01-17,7962 Fifth Ave,Yonkers,NY,10004,(646) 393-3436,[],True,UCLA David Geffen School of Medicine,2025-09-02
060NY764073,"Fatima Martinez, DO PhD",Fatima,Martinez,Physician,060,Psychiatry,Expired,2022-01-06,2024-04-18,2022-08-06,3271 Fifth Ave,New York,NY,11202,(347) 572-5596,[],False,NYU Grossman School of Medicine,2025-09-02
060NY419141,"John Brown, MD PhD",John,Brown,Physician,060,Cardiology,Expired,2021-03-19,2023-08-17,2022-01-29,7735 Lexington Ave,Brooklyn,NY,11202,(929) 443-5521,[],False,Stanford University School of Medicine,2025-09-02
060NY416120,Karen Davis MD,Karen,Davis,Physician,060,Neurology,Expired,2020-08-25,2025-08-29,2024-12-05,3121 Park Ave,Syracuse,NY,10002,(929) 574-8347,[],True,Stanford University School of Medicine,2025-09-02
060NY638430,"Fatima Kumar, MD",Fatima,Kumar,Physician,060,Orthopedic Surgery,Expired,2020-08-29,2023-06-03,2023-04-19,4492 Central Park West,Queens,NY,10005,(646) 203-3621,[],True,Harvard Medical School,2025-09-02
060NY391248,"Maria Singh, MD PhD",Maria,Singh,Physician,060,Emergency Medicine,Expired,2016-12-24,2023-09-30,2023-05-10,3610 Lexington Ave,Buffalo,NY,14201,(929) 285-9999,[],True,University of Michigan Medical School,2025-09-02
060NY915987,"Rajesh Smith, MD PhD",Rajesh,Smith,Physician,060,Oncology,Expired,2020-05-12,2023-08-06,2023-05-07,4583 Madison Ave,Buffalo,NY,100**,(424) 844-7479,[],False,UCLA David Geffen School of Medicine,2025-09-02
060NY175548,"David Shah, DO",David,Shah,Physician,060,Psychiatry,Expired,2019-11-22,2025-05-23,2024-03-17,2886 Park Ave,Syracuse,NY,10003,(213) 221-2802,[],True,University of Pennsylvania Perelman School of Medicine,2025-09-02
060NY849575,"Fatima Anderson, MD",Fatima,Anderson,Physician,060,Nephrology,Expired,2018-07-27,2023-08-19,2022-09-24,6315 Madison Ave,Rochester,NY,10005,(718) 569-2389,[],True,UCLA David Geffen School of Medicine,2025-09-02
060NY941105,"Carlos Harris, MD PhD",Carlos,Harris,Physician,060,Oncology,Expired,2018-07-24,2024-05-18,2023-06-08,6945 First Ave,Yonkers,NY,14202,(213) 285-7911,[],True,University of Pennsylvania Perelman School of Medicine,2025-09-02
060NY916470,"Li Johnson, MD PhD",Li,Johnson,Physician,060,Anesthesiology,Expired,2017-05-30,2023-10-13,2022-11-17,2189 Fifth Ave,New York,NY,11201,718- 912-3344,"[{""action_type"": ""Warning"", ""action_date"": ""2025-06-02"", ""description"": ""Disciplinary action related to patient care""}]",True,NYU Grossman School of Medicine,2025-09-02
060NY592584,Priya Zhang MD,Priya,Zhang,Physician,060,Endocrinology,Expired,2021-05-01,2023-10-14,2023-04-03,9731 Madison Ave,New York,NY,100**,(212) 857-1526,[],True,Johns Hopkins School of Medicine,2025-09-02
060NY351165,"Rajesh Ramirez, DO",Rajesh,Ramirez,Physician,060,Orthopedic Surgery,Expired,2018-01-25,2024-07-31,2023-01-27,1711 Fifth Ave,Rochester,NY,14202,(917) 853-1530,[],False,University of Michigan Medical School,2025-09-02
060NY429748,"Michael Brown, MD PhD",Michael,Brown,Physician,060,Pathology,Expired,2022-11-15,2025-03-11,2023-07-01,5057 Broadway,Rochester,NY,10005,424  591.8814,[],True,Johns Hopkins School of Medicine,2025-09-02
060NY370473,"Fatima Jackson, DO",Fatima,Jackson,Physician,060,Emergency Medicine,Expired,2021-09-04,2025-08-27,2023-10-09,9446 Third Ave,Rochester,NY,10002,(213) 834-3113,[],False,University of Michigan Medical School,2025-09-02
060NY262070,Priya Clark DO PhD,Priya,Clark,Physician,060,Anesthesiology,Expired,2017-12-21,2023-08-04,2022-10-09,700 Amsterdam Ave,New York,NY,10004,(929) 677-8675,[],False,Stanford University School of Medicine,2025-09-02
060NY599352,"Carlos Ramirez, DO",Carlos,Ramirez,Physician,060,Emergency Medicine,Expired,2021-03-02,2023-08-23,2023-03-25,1057 Third Ave,Rochester,NY,142**,(212) 815-7230,[],False,UCSF School of Medicine,2025-09-02
060NY846802,"Li Johnson, DO PhD",Li,Johnson,Physician,060,Gastroenterology,Expired,2020-04-20,2025-07-13,2024-09-22,2886 Fifth Ave,Queens,NY,10002,(646) 403-6722,[],False,Yale School of Medicine,2025-09-02
060NY558745,"Linda White, DO",Linda,White,Physician,060,Urology,Expired,2018-04-15,2024-08-03,2024-02-06,2665 York Ave,Yonkers,NY,11202,818  969.9924,[],False,University of Michigan Medical School,2025-09-02
060NY467645,"Li Clark, DO",Li,Clark,Physician,060,Gastroenterology,Expired,2021-12-26,2025-08-08,2025-06-26,7449 York Ave,Yonkers,NY,10002,(213) 889-4957,[],False,Harvard Medical School,2025-09-02
060NY509376,"Wei Singh, MD PhD",Wei,Singh,Physician,060,Oncology,Expired,2019-05-07,2023-12-22,2023-11-07,9375 Second Ave,Bronx,NY,14201,(626) 790-7422,"[{""action_type"": ""Suspension"", ""action_date"": ""2022-12-20"", ""description"": ""Disciplinary action related to patient care""}]",False,Johns Hopkins School of Medicine,2025-09-02
060NY182598,"David Johnson, DO PhD",David,Johnson,Physician,060,Family Medicine,Expired,2023-02-18,2025-02-22,2024-06-16,9721 Madison Avenue,New York,NY,14202,(917) 943-7194,[],True,Stanford University School of Medicine,2025-09-02
060NY123023,"Rajesh Zhang, MD",Rajesh,Zhang,Physician,060,Pediatrics,Expired,2019-10-03,2025-04-27,2024-04-22,9764 Fifth Ave,Brooklyn,NY,10003,(347) 210-3927,[],True,NYU Grossman School of Medicine,2025-09-02
060NY897925,"Karen Sharma, MD",Karen,Sharma,Physician,060,Endocrinology,Expired,2020-04-25,2023-11-09,2022-09-21,4170 Fifth Ave,Bronx,NY,14202,(347) 480-8890,[],True,Yale School of Medicine,2025-09-02
060NY803956,"Jennifer Jackson, DO",Jennifer,Jackson,Physician,060,Otolaryngology,Expired,2020-09-25,2023-06-03,2023-01-02,1687 York Ave,Buffalo,NY,14202,2124817901,[],True,Johns Hopkins School of Medicine,2025-09-02
060NY172827,"Joseph Wang, MD",Joseph,Wang,Physician,060,Cardiology,Expired,2020-10-08,2025-08-20,2024-09-25,9434 Broadway,Syracuse,NY,10005,(310) 827-1771,[],False,UCSF School of Medicine,2025-09-02
060NY337336,"James Johnson, DO",James,Johnson,Physician,060,Pediatrics,Expired,2021-09-06,2023-12-15,2023-06-24,171 Madison Ave,Brooklyn,NY,112**,(347) 276-5320,[],False,Johns Hopkins School of Medicine,2025-09-02
060NY224074,"Charles Wang, MD",Charles,Wang,Physician,060,Pathology,Expired,2019-05-16,2023-06-22,2021-12-04,1756 Central Park West,Brooklyn,NY,10004,(310) 479-7058,[],True,UCLA David Geffen School of Medicine,2025-09-02
060NY216478,"Jennifer Lopez, MD PhD",Jennifer,Lopez,Physician,060,Cardiology,Expired,2018-09-23,2024-03-25,2023-02-03,8088 York Ave,Yonkers,NY,10002,(917) 835-7628,[],False,University of Pennsylvania Perelman School of Medicine,2025-09-02
060NY404777,"Barbara Zhang, MD",Barbara,Zhang,Physician,060,Endocrinology,Expired,2019-12-25,2024-04-12,2022-07-24,4056 First Ave,Brooklyn,NY,10001,818  559.9940,[],False,NYU Grossman School of Medicine,2025-09-02
060NY791396,"Charles Perez, DO PhD",Charles,Perez,Physician,060,Pathology,Expired,2018-05-02,2023-10-18,2023-10-01,8509 Central Park West,New York,NY,10003,(213) 854-2768,[],False,Johns Hopkins School of Medicine,2025-09-02
060NY974692,"Mohammed Perez, DO PhD",Mohammed,Perez,Physician,060,Gastroenterology,Expired,2017-04-29,2023-09-09,2022-03-20,4527 Lexington Ave,Bronx,NY,10001,(626) 353-9571,[],True,UCSF School of Medicine,2025-09-02
060NY792325,"John Robinson, MD",John,Robinson,Physician,060,Internal Medicine,Expired,2020-08-31,2023-01-02,2022-11-15,9717 Fifth Ave,New York,NY,11203,(646) 950-4223,[],True,University of Pennsylvania Perelman School of Medicine,2025-09-02
060NY811902,"Joseph Harris, DO PhD",Joseph,Harris,Physician,060,Nephrology,Expired,2017-12-16,2024-10-22,2023-04-30,1608 Lexington Ave,Buffalo,NY,14202,7185048555,[],True,UCLA David Geffen School of Medicine,2025-09-02
060NY127705,Elizabeth Lee MD PhD,Elizabeth,Lee,Physician,060,Pediatrics,Expired,2020-05-25,2025-05-12,2024-08-18,7007 First Ave,Yonkers,NY,11202,(323) 779-5806,[],False,UCLA David Geffen School of Medicine,2025-09-02
060NY163821,"Elizabeth Brown, MD",Elizabeth,Brown,Physician,060,Otolaryngology,Expired,2020-03-26,2023-09-06,2021-11-16,1754 Third Ave,Brooklyn,NY,10005,(626) 855-3535,[],False,UCSF School of Medicine,2025-09-02
060NY158356,"JOHN MARTINEZ, MD",John,Martinez,Physician,060,Anesthesiology,Expired,2018-11-22,2023-09-07,2022-12-27,4051 Park Ave,Brooklyn,NY,11203,(718) 642-3396,[],True,Johns Hopkins School of Medicine,2025-09-02
060NY510191,"Maria Sharma, DO",Maria,Sharma,Physician,060,Cardiology,Expired,2021-01-17,2025-03-01,2024-08-21,4752 Lexington Avenue,Brooklyn,NY,14202,213- 211-5960,[],False,NYU Grossman School of Medicine,2025-09-02
060NY599555,"Mary Zhang, MD PhD",Mary,Zhang,Physician,060,Psychiatry,Expired,2022-06-16,2024-10-24,2024-02-19,6616 Fifth Ave,New York,NY,10001,(718) 238-2194,[],False,Harvard Medical School,2025-09-02
060NY336450,"Ahmed Lewis, DO PhD",Ahmed,Lewis,Physician,060,Orthopedic Surgery,Expired,2021-05-04,2024-02-17,2022-05-25,9401 York Ave,Bronx,NY,10004,(646) 205-6891,[],True,Johns Hopkins School of Medicine,2025-09-02
060NY174310,"Sarah Patel, MD PhD",Sarah,Patel,Physician,060,Dermatology,Expired,2017-05-16,2023-06-10,2021-11-02,9154 Madison Ave,Brooklyn,NY,11203,929- 223-4670,[],False,NYU Grossman School of Medicine,2025-09-02
060NY349739,"Linda Ramirez, DO",Linda,Ramirez,Physician,060,Pediatrics,Expired,2018-07-26,2024-04-20,2023-02-28,1934 Amsterdam Ave,Rochester,NY,11201,(212) 278-1928,[],False,Columbia University Vagelos College of Physicians and Surgeons,2025-09-02
060NY839513,"Karen Thomas, MD PhD",Karen,Thomas,Physician,060,Psychiatry,Expired,2022-11-21,2025-01-01,2023-10-30,6518 First Ave,Brooklyn,NY,10002,8187549248,[],True,UCLA David Geffen School of Medicine,2025-09-02
060NY137609,"Christopher Rodriguez, DO",Christopher,Rodriguez,Physician,060,Pulmonology,Expired,2021-08-03,2024-04-26,2022-11-02,9060 Park Ave,Brooklyn,NY,11201,(347) 286-1978,[],False,Harvard Medical School,2025-09-02
060NY127254,"Michael Anderson, DO",Michael,Anderson,Physician,060,Emergency Medicine,Expired,2022-04-21,2024-11-19,2024-03-07,7063 York Ave,New York,NY,10005,(323) 597-5709,[],False,University of Michigan Medical School,2025-09-02
060NY924952,"Elizabeth Williams, MD PhD",Elizabeth,Williams,Physician,060,Emergency Medicine,Expired,2017-12-10,2024-07-19,2022-10-12,9120 Park Ave,Yonkers,NY,10001,626- 239-4018,[],False,NYU Grossman School of Medicine,2025-09-02
060NY325306,"Fatima Zhang, MD",Fatima,Zhang,Physician,060,Otolaryngology,Expired,2021-02-19,2025-02-14,2024-01-29,3465 Third Ave,ALBANY,NY,14201,(626) 761-7849,[],True,Harvard Medical School,2025-09-02
060NY342106,"Susan Lewis, MD PhD",Susan,Lewis,Physician,060,Radiology,Expired,2018-09-13,2025-07-22,2025-01-12,9425 Lexington Ave,Bronx,NY,11201,(718) 570-8932,[],True,UCLA David Geffen School of Medicine,2025-09-02
060NY846568,"Ahmed Hernandez, MD",Ahmed,Hernandez,Physician,060,Cardiology,Expired,2021-05-12,2024-08-23,2023-08-12,8673 Second Ave,Yonkers,NY,11201,(310) 618-8368,[],False,UCSF School of Medicine,2025-09-02
060NY633376,"Carlos Zhang, MD",Carlos,Zhang,Physician,060,Cardiology,Expired,2018-09-27,2024-07-26,2024-01-12,128 Amsterdam Ave,Rochester,NY,11203,(323) 636-5673,[],False,Johns Hopkins School of Medicine,2025-09-02
060NY402491,"Mohammed Wilson, DO PhD",Mohammed,Wilson,Physician,060,Urology,Expired,2018-05-15,2024-06-15,2023-08-05,9424 Amsterdam Ave,Rochester,NY,10002,(212) 812-1651,"[{""action_type"": ""Warning"", ""action_date"": ""2022-12-15"", ""description"": ""Disciplinary action related to professional conduct""}]",True,UCSF School of Medicine,2025-09-02
060NY137367,"Mary Williams, DO PhD",Mary,Williams,Physician,060,Psychiatry,Expired,2019-06-24,2023-01-17,2021-08-10,8541 Third Ave,BRONX,NY,14201,(646) 951-9138,[],True,Stanford University School of Medicine,2025-09-02
060NY911264,"Mary Thomas, DO PhD",Mary,Thomas,Physician,060,Nephrology,Inactive,2019-02-23,2025-09-17,2025-08-25,7615 Third Ave,Brooklyn,NY,11201,(212) 775-6295,[],False,UCLA David Geffen School of Medicine,2025-09-02
060NY274624,"Thomas Brown, MD PhD",Thomas,Brown,Physician,060,Cardiology,Expired,2018-01-23,2024-02-27,2023-06-25,3588 Third Ave,New York,NY,10005,(718) 999-6460,[],True,Yale School of Medicine,2025-09-02
060NY862899,"David Anderson, DO PhD",David,Anderson,Physician,060,Pathology,Expired,2020-05-27,2025-03-17,2024-06-08,7920 Lexington Ave,Albany,NY,14201,(929) 688-2785,[],False,Johns Hopkins School of Medicine,2025-09-02
060NY980436,"William Wilson, DO PhD",William,Wilson,Physician,060,Internal Medicine,Expired,2021-07-22,2024-04-21,2022-05-09,1375 Madison Ave,Yonkers,NY,142**,4246161091,[],True,UCSF School of Medicine,2025-09-02
060NY733882,"White, Karen DO",Karen,White,Physician,060,Nephrology,Expired,2022-03-15,2024-05-29,2022-08-14,8573 Columbus Ave,Bronx,NY,14202,(213) 383-3463,[],True,Columbia University Vagelos College of Physicians and Surgeons,2025-09-02
060NY337009,"Sharma, James DO PhD",James,Sharma,Physician,060,Family Medicine,Expired,2021-08-06,2024-12-07,2024-04-30,1002 Amsterdam Ave,Syracuse,NY,14202,(347) 774-9864,[],True,University of Michigan Medical School,2025-09-02
060NY703618,"Christopher Moore, DO",Christopher,Moore,Physician,060,Urology,Expired,2018-04-08,2024-07-21,2024-01-05,1677 Madison Ave,Albany,NY,14202,646- 368-8790,[],False,Harvard Medical School,2025-09-02
060NY597526,"Linda Patel, MD PhD",Linda,Patel,Physician,060,Anesthesiology,Expired,2021-07-20,2024-12-28,2023-01-03,1922 Park Ave,Albany,NY,11202,(213) 773-8235,[],False,Yale School of Medicine,2025-09-02
060NY593679,"Thomas Patel, DO PhD",Thomas,Patel,Physician,060,Nephrology,Expired,2019-01-10,2025-07-19,2025-04-06,4146 Lexington Ave,New York,NY,142**,(818) 953-3898,[],True,Stanford University School of Medicine,2025-09-02
060NY804633,Ahmed Brown MD PhD,Ahmed,Brown,Physician,060,Orthopedic Surgery,Expired,2020-03-24,2024-10-10,2024-06-06,8915 Lexington Ave,Bronx,NY,14202,323- 351-5368,[],True,Harvard Medical School,2025-09-02
060NY695772,"Ahmed Kumar, DO PhD",Ahmed,Kumar,Physician,060,Otolaryngology,Expired,2018-01-31,2023-06-26,2022-10-23,53 Lexington Ave,Buffalo,NY,14201,(626) 220-3774,[],True,UCSF School of Medicine,2025-09-02
060NY336936,"Wei Gonzalez, DO",Wei,Gonzalez,Physician,060,Emergency Medicine,Expired,2018-07-09,2024-01-21,2022-09-04,6215 Central Park West,Buffalo,NY,10003,(424) 572-6715,[],False,Harvard Medical School,2025-09-02
060NY382014,"Sarah Wilson, DO PhD",Sarah,Wilson,Physician,060,Endocrinology,Expired,2019-03-29,2023-07-05,2022-11-16,4730 Park Ave,Rochester,NY,14201,(310) 343-8655,[],False,University of Michigan Medical School,2025-09-02
060NY705540,"MARY PATEL, DO PHD",Mary,Patel,Physician,060,Neurology,Expired,2018-06-16,2025-03-31,2024-04-30,3839 York Ave,Brooklyn,NY,11202,(646) 333-6458,"[{""action_type"": ""Warning"", ""action_date"": ""2025-02-13"", ""description"": ""Disciplinary action related to professional conduct""}]",True,Johns Hopkins School of Medicine,2025-09-02
060NY545217,"Carlos Miller, DO PhD",Carlos,Miller,Physician,060,Ophthalmology,Expired,2022-09-04,2025-03-17,2023-10-22,2188 Second Ave,Rochester,NY,10005,(929) 570-6568,[],True,University of Michigan Medical School,2025-09-02
060NY546390,"Joseph Rodriguez, DO PhD",Joseph,Rodriguez,Physician,060,Anesthesiology,Expired,2017-06-24,2023-11-05,2022-05-17,3461 Lexington Ave,Yonkers,NY,10002,6267292743,[],True,Stanford University School of Medicine,2025-09-02
060NY152505,"Thomas Gonzalez, DO PhD",Thomas,Gonzalez,Physician,060,Emergency Medicine,Expired,2023-01-06,2025-01-26,2024-06-27,7615 Lexington Ave,New York,NY,10002,(213) 217-8319,[],False,University of Michigan Medical School,2025-09-02
060NY552041,"Michael Sharma, DO PhD",Michael,Sharma,Physician,060,Pathology,Expired,2017-12-30,2024-07-16,2024-03-24,1378 York Ave,Brooklyn,NY,10003,(929) 239-3404,"[{""action_type"": ""Warning"", ""action_date"": ""2023-09-18"", ""description"": ""Disciplinary action related to professional conduct""}]",True,Yale School of Medicine,2025-09-02
060NY222080,"Maria Martin, DO PhD",Maria,Martin,Physician,060,Otolaryngology,Expired,2017-05-19,2024-01-28,2024-01-15,3014 Central Park West,Buffalo,NY,10002,(310) 420-8158,[],True,Yale School of Medicine,2025-09-02
060NY584904,"Fatima Lopez, MD PhD",Fatima,Lopez,Physician,060,Cardiology,Expired,2020-09-02,2024-10-13,2022-12-31,6672 Park Ave,NEW YORK,NY,11202,(310) 802-7893,[],False,UCLA David Geffen School of Medicine,2025-09-02
060NY699065,"Mary Perez, MD PhD",Mary,Perez,Physician,060,Nephrology,Expired,2019-12-18,2023-06-10,2021-10-08,7281 Madison Ave,Syracuse,NY,11203,(310) 890-8657,[],True,University of Michigan Medical School,2025-09-02
060NY286255,"JAMES LEE, DO PHD",James,Lee,Physician,060,Anesthesiology,Expired,2023-03-25,2025-03-30,2023-05-04,6619 First Ave,Syracuse,NY,10005,2136204094,[],True,University of Pennsylvania Perelman School of Medicine,2025-09-02
060NY788428,"Wei Williams, MD PhD",Wei,Williams,Physician,060,Dermatology,Expired,2020-11-04,2024-11-26,2023-12-08,8382 Columbus Ave,Syracuse,NY,11202,(917) 975-5259,[],False,NYU Grossman School of Medicine,2025-09-02
060NY163821,"Ana Lopez, DO",Ana,Lopez,Physician,060,Psychiatry,Expired,2021-09-27,2024-03-01,2023-12-20,7473 Madison Ave,New York,NY,14202,(626) 274-4218,[],True,Stanford University School of Medicine,2025-09-02
060NY854955,"Jessica Zhang, DO",Jessica,Zhang,Physician,060,Neurology,Expired,2018-08-08,2025-06-25,2023-11-15,4915 Amsterdam Ave,New York,NY,14202,626- 380-6384,[],False,Columbia University Vagelos College of Physicians and Surgeons,2025-09-02
060NY301225,"Charles Lee, DO PhD",Charles,Lee,Physician,060,Orthopedic Surgery,Expired,2020-03-14,2025-03-22,2024-07-29,4917 Amsterdam Ave,Bronx,NY,14202,(917) 469-8732,[],False,Columbia University Vagelos College of Physicians and Surgeons,2025-09-02
060NY944492,"Elizabeth Martin, DO PhD",Elizabeth,Martin,Physician,060,Pulmonology,Expired,2019-02-10,2023-10-14,2023-09-17,6835 Broadway,Yonkers,NY,10001,(213) 591-6336,[],True,University of Michigan Medical School,2025-09-02
060NY840807,"David Thomas, DO",David,Thomas,Physician,060,Psychiatry,Active,2019-06-29,2025-09-24,2025-03-09,7860 Central Park West,Syracuse,NY,10001,323  578.8178,[],True,Johns Hopkins School of Medicine,2025-09-02
060NY673136,"Linda Martinez, DO",Linda,Martinez,Physician,060,Ophthalmology,Expired,2021-04-03,2024-06-17,2023-01-17,9406 Park Ave,Albany,NY,10002,(646) 528-8673,[],False,NYU Grossman School of Medicine,2025-09-02
060NY163214,"Thomas Taylor, MD",Thomas,Taylor,Physician,060,Pathology,Active,2021-05-06,2025-11-15,2024-12-05,6731 Second Ave,Yonkers,NY,11203,(424) 541-2099,[],True,Stanford University School of Medicine,2025-09-02
060NY390313,"Ana Kumar, MD",Ana,Kumar,Physician,060,Pulmonology,Expired,2023-02-05,2025-08-11,2025-07-05,7676 Amsterdam Ave,Bronx,NY,10002,(212) 611-5813,[],False,Harvard Medical School,2025-09-02
060NY471872,"Robert Taylor, DO",Robert,Taylor,Physician,060,Neurology,Expired,2017-01-19,2023-11-09,2023-06-29,5352 York Ave,Syracuse,NY,10004,646- 753-6710,[],False,University of Pennsylvania Perelman School of Medicine,2025-09-02
060NY229090,"William Ramirez, MD PhD",William,Ramirez,Physician,060,Family Medicine,Expired,2020-10-27,2025-02-07,2024-12-26,3560 Third Ave,New York,NY,10003,(213) 804-3042,[],True,University of Michigan Medical School,2025-09-02
060NY899316,"Ana Harris, DO PhD",Ana,Harris,Physician,060,Pulmonology,Expired,2017-09-07,2023-03-21,2022-02-10,4501 Central Park West,Rochester,NY,10001,(646) 731-3480,"[{""action_type"": ""Probation"", ""action_date"": ""2024-04-04"", ""description"": ""Disciplinary action related to professional conduct""}]",True,Stanford University School of Medicine,2025-09-02
060NY369338,"Li Sharma, DO PhD",Li,Sharma,Physician,060,Radiology,Expired,2017-04-15,2023-09-20,2022-04-07,9884 Columbus Ave,New York,NY,10005,(917) 727-3126,[],True,Stanford University School of Medicine,2025-09-02
060NY379682,"James Thomas, DO",James,Thomas,Physician,060,Radiology,Expired,2021-02-01,2023-09-27,2022-07-18,4934 Third Ave,Syracuse,NY,14202,(212) 346-1558,[],True,NYU Grossman School of Medicine,2025-09-02
060NY186997,"Jessica Rodriguez, MD",Jessica,Rodriguez,Physician,060,Orthopedic Surgery,Active,2023-09-25,2025-10-30,2025-04-16,7495 Fifth Ave,Brooklyn,NY,14201,4249983486,[],True,NYU Grossman School of Medicine,2025-09-02
060NY544612,"William White, DO",William,White,Physician,060,Emergency Medicine,Expired,2021-10-29,2024-02-19,2023-07-26,2714 Columbus Ave,Bronx,NY,100**,(646) 938-5915,[],True,Yale School of Medicine,2025-09-02
060NY946188,"Karen Liu, MD",Karen,Liu,Physician,060,Oncology,Expired,2020-02-18,2024-05-11,2024-02-11,6724 Madison Ave,Queens,NY,11203,(347) 343-7577,[],True,UCSF School of Medicine,2025-09-02
060NY393814,"David Liu, MD PhD",David,Liu,Physician,060,Emergency Medicine,Expired,2018-04-09,2024-07-18,2023-08-25,8103 Central Park West,Yonkers,NY,11202,9177999109,"[{""action_type"": ""Fine"", ""action_date"": ""2023-01-13"", ""description"": ""Disciplinary action related to patient care""}]",False,Stanford University School of Medicine,2025-09-02
060NY469495,"John Perez, MD",John,Perez,Physician,060,Emergency Medicine,Expired,2021-03-16,2024-05-24,2023-11-27,6753 Broadway,Syracuse,NY,10005,(626) 529-7575,[],True,Stanford University School of Medicine,2025-09-02
060NY516029,"Ahmed Jones, DO",Ahmed,Jones,Physician,060,Oncology,Expired,2020-04-28,2023-09-30,2022-10-01,9798 Columbus Ave,Yonkers,NY,10005,917  761.3539,[],False,UCSF School of Medicine,2025-09-02
060NY358888,"MOHAMMED THOMAS, MD PHD",Mohammed,Thomas,Physician,060,Emergency Medicine,Expired,2018-11-14,2023-09-21,2022-07-02,1263 Central Park West,Queens,NY,11201,(917) 676-5409,[],True,University of Michigan Medical School,2025-09-02
060NY166874,"Linda Jones, DO",Linda,Jones,Physician,060,Pediatrics,Expired,2020-04-07,2024-12-26,2023-08-18,7348 York Ave,New York,NY,11201,(917) 877-8407,[],False,University of Pennsylvania Perelman School of Medicine,2025-09-02
060NY468260,"William Miller, MD PhD",William,Miller,Physician,060,Radiology,Expired,2018-04-25,2023-06-17,2023-01-22,7052 Lexington Ave,Syracuse,NY,10002,(626) 582-2564,[],True,Harvard Medical School,2025-09-02
060NY370726,"William Harris, DO",William,Harris,Physician,060,Otolaryngology,Expired,2020-06-06,2025-05-15,2024-07-22,6586 Broadway,Queens,NY,10003,(917) 997-8998,[],True,Harvard Medical School,2025-09-02
060NY260128,"Carlos Jones, DO",Carlos,Jones,Physician,060,Emergency Medicine,Expired,2022-09-10,2024-11-30,2024-01-24,6077 First Ave,Queens,NY,11203,3232654690,[],True,UCSF School of Medicine,2025-09-02
060NY660226,"Wei Thomas, MD PhD",Wei,Thomas,Physician,060,Urology,Expired,2021-01-26,2023-02-05,2021-11-04,2349 York Ave,Rochester,NY,10001,(212) 776-1957,[],True,Harvard Medical School,2025-09-02
060NY767625,"Wei Patel, DO PhD",Wei,Patel,Physician,060,Nephrology,Expired,2021-08-19,2025-07-20,2024-03-19,6337 First Avenue,Bronx,NY,11203,(347) 364-7030,[],True,Columbia University Vagelos College of Physicians and Surgeons,2025-09-02
060NY912203,"Patricia Martin, DO",Patricia,Martin,Physician,060,Internal Medicine,Expired,2020-03-25,2025-04-24,2023-10-31,7705 Fifth Ave,Albany,NY,11203,310  224.4382,[],True,University of Michigan Medical School,2025-09-02
060NY742069,"Sarah Gonzalez, DO",Sarah,Gonzalez,Physician,060,Radiology,Active,2022-10-15,2025-12-22,2024-12-04,7678 Park Ave,Queens,NY,11203,(929) 407-3467,[],False,NYU Grossman School of Medicine,2025-09-02
060NY748322,"Barbara Perez, DO",Barbara,Perez,Physician,060,Orthopedic Surgery,Expired,2022-08-09,2025-04-19,2023-06-06,1663 York Ave,Queens,NY,10003,(212) 338-7241,[],False,Johns Hopkins School of Medicine,2025-09-02
060NY456281,"Wei White, DO PhD",Wei,White,Physician,060,Pathology,Expired,2017-08-09,2023-06-24,2021-10-12,2980 First Ave,New York,NY,11203,(626) 528-5789,[],True,University of Michigan Medical School,2025-09-02
060NY493364,"John Wang, MD",John,Wang,Physician,060,Pathology,Expired,2020-01-15,2024-11-18,2023-04-20,3271 First Avenue,Yonkers,NY,11202,(310) 488-5369,[],False,NYU Grossman School of Medicine,2025-09-02
060NY179074,"Ana Miller, DO",Ana,Miller,Physician,060,Family Medicine,Expired,2020-09-10,2023-01-20,2022-04-03,6118 Fifth Ave,Queens,NY,14202,(718) 257-3272,[],True,Stanford University School of Medicine,2025-09-02
060NY720559,"Ana Anderson, DO",Ana,Anderson,Physician,060,Pulmonology,Expired,2021-04-04,2023-05-06,2022-01-28,1302 Second Ave,Rochester,NY,14201,(424) 393-3031,[],True,Johns Hopkins School of Medicine,2025-09-02
060NY281172,"Li Rodriguez, MD PhD",Li,Rodriguez,Physician,060,Otolaryngology,Expired,2018-08-01,2023-11-06,2022-09-20,2448 Second Ave,Rochester,NY,10001,(917) 222-9148,[],True,Yale School of Medicine,2025-09-02
060NY643962,"Barbara Liu, DO PhD",Barbara,Liu,Physician,060,Neurology,Active,2019-10-25,2025-10-09,2024-01-08,2619 First Ave,New York,NY,11201,(424) 324-3120,[],False,NYU Grossman School of Medicine,2025-09-02
060NY427718,"Barbara Jones, MD",Barbara,Jones,Physician,060,Emergency Medicine,Expired,2020-03-04,2025-09-02,2024-08-14,6833 Park Avenue,Bronx,NY,11201,(818) 807-4883,[],False,UCSF School of Medicine,2025-09-02
060NY398595,"Rajesh Harris, DO",Rajesh,Harris,Physician,060,Otolaryngology,Expired,2018-03-26,2023-11-30,2022-05-14,5147 Fifth Ave,Buffalo,NY,11203,(646) 522-7144,[],True,NYU Grossman School of Medicine,2025-09-02
060NY620803,"Karen Williams, MD PhD",Karen,Williams,Physician,060,Emergency Medicine,Expired,2017-02-06,2023-05-11,2021-06-18,9315 Broadway,Albany,NY,10001,(929) 283-7760,[],True,UCLA David Geffen School of Medicine,2025-09-02
060NY350887,"Rajesh Sanchez, DO",Rajesh,Sanchez,Physician,060,Ophthalmology,Expired,2016-07-12,2023-04-26,2021-11-08,1466 Park Ave,Syracuse,NY,10003,(646) 712-6234,[],False,Harvard Medical School,2025-09-02
060NY272154,"Priya Clark, MD",Priya,Clark,Physician,060,Neurology,Expired,2020-03-24,2025-03-24,2023-08-09,9662 Broadway,Bronx,NY,10004,(213) 363-4302,[],False,University of Pennsylvania Perelman School of Medicine,2025-09-02
060NY871440,"James Jackson, DO PhD",James,Jackson,Physician,060,Neurology,Expired,2019-06-28,2024-09-03,2023-10-01,9886 Columbus Ave,ALBANY,NY,11202,(323) 224-6077,[],True,NYU Grossman School of Medicine,2025-09-02
060NY416722,"Christopher Ramirez, MD PhD",Christopher,Ramirez,Physician,060,Emergency Medicine,Expired,2020-02-24,2023-10-18,2023-04-22,6841 Columbus Ave,New York,NY,10005,(818) 440-8458,"[{""action_type"": ""Malpractice Settlement"", ""action_date"": ""2023-11-08"", ""description"": ""Disciplinary action related to documentation""}]",False,Harvard Medical School,2025-09-02
060NY283524,"Ahmed Martinez, DO",Ahmed,Martinez,Physician,060,Otolaryngology,Expired,2020-06-21,2023-01-28,2022-06-14,6184 Broadway,New York,NY,11203,(917) 440-8339,[],True,UCLA David Geffen School of Medicine,2025-09-02
060NY489307,"Li Brown, MD PhD",Li,Brown,Physician,060,Radiology,Expired,2021-01-10,2023-10-26,2022-08-12,9799 Third Ave,Syracuse,NY,11203,(646) 888-9102,[],False,UCLA David Geffen School of Medicine,2025-09-02
060NY959162,"William Anderson, MD PhD",William,Anderson,Physician,060,Psychiatry,Expired,2020-01-25,2025-03-15,2025-01-18,5333 Central Park West,Rochester,NY,14201,(323) 310-9113,[],True,University of Pennsylvania Perelman School of Medicine,2025-09-02
060NY170277,"Jessica Miller, DO",Jessica,Miller,Physician,060,Pulmonology,Expired,2018-07-03,2024-06-03,2023-04-23,510 Lexington Avenue,Brooklyn,NY,10004,(929) 413-5977,"[{""action_type"": ""Malpractice Settlement"", ""action_date"": ""2022-12-09"", ""description"": ""Disciplinary action related to documentation""}]",False,University of Michigan Medical School,2025-09-02
060NY543234,"Michael Shah, MD PhD",Michael,Shah,Physician,060,Nephrology,Expired,2020-05-28,2024-12-19,2024-11-18,4191 Central Park West,Syracuse,NY,11202,(718) 451-2540,[],False,University of Pennsylvania Perelman School of Medicine,2025-09-02
060NY129607,"Charles Chen, DO PhD",Charles,Chen,Physician,060,Pulmonology,Active,2022-11-12,2025-11-02,2024-12-21,6728 Fifth Ave,New York,NY,10003,347- 799-2927,[],False,UCSF School of Medicine,2025-09-02
060NY816212,"Charles Liu, MD PhD",Charles,Liu,Physician,060,Psychiatry,Active,2019-09-16,2025-10-07,2024-01-25,2537 Fifth Ave,Bronx,NY,11203,(310) 708-7007,[],False,Yale School of Medicine,2025-09-02
060NY796990,"James Clark, DO PhD",James,Clark,Physician,060,Nephrology,Expired,2019-04-02,2025-01-02,2023-12-29,7149 York Ave,Yonkers,NY,10002,(646) 880-4219,[],False,Columbia University Vagelos College of Physicians and Surgeons,2025-09-02
060NY509688,"William Zhang, DO PhD",William,Zhang,Physician,060,Orthopedic Surgery,Expired,2018-02-23,2023-01-23,2021-06-28,652 Park Ave,Bronx,NY,10003,(347) 340-6235,[],False,University of Pennsylvania Perelman School of Medicine,2025-09-02
060NY359069,"Christopher Miller, DO",Christopher,Miller,Physician,060,Pathology,Expired,2018-08-19,2025-04-26,2024-07-09,8871 Fifth Ave,Queens,NY,10003,917- 887-7122,[],False,University of Pennsylvania Perelman School of Medicine,2025-09-02
060NY165991,"Sarah Chen, DO",Sarah,Chen,Physician,060,Emergency Medicine,Expired,2020-06-25,2024-05-30,2022-07-21,1491 Central Park West,Syracuse,NY,11201,(917) 556-6019,[],False,UCLA David Geffen School of Medicine,2025-09-02
060NY460663,"Ahmed G Ramirez, MD PhD",Ahmed G,Ramirez,Physician,060,Internal Medicine,Expired,2018-08-03,2024-06-25,2023-04-08,3528 Third Ave,Brooklyn,NY,10002,(424) 396-2139,[],True,Stanford University School of Medicine,2025-09-02
060NY821590,"Thomas K Robinson, MD PhD",Thomas K,Robinson,Physician,060,Radiology,Expired,2019-02-26,2024-03-25,2023-10-27,5821 Park Ave,Buffalo,NY,10002,(818) 522-4483,[],False,UCSF School of Medicine,2025-09-02
060NY412942,"Linda B Hernandez, DO PhD",Linda B,Hernandez,Physician,060,Urology,Suspended,2019-07-28,2025-11-05,2023-12-14,4316 York Ave,Queens,NY,142**,310- 219-2832,[],False,Harvard Medical School,2025-09-02
060NY698782,"Williams, Mohammed A MD PhD",Mohammed A,Williams,Physician,060,Psychiatry,Expired,2023-02-17,2025-08-26,2024-07-31,3900 Lexington Ave,Syracuse,NY,10004,(310) 946-1887,[],True,UCLA David Geffen School of Medicine,2025-09-02
060NY197793,"Christopher N Gonzalez, DO PhD",Christopher N,Gonzalez,Physician,060,Orthopedic Surgery,Expired,2020-05-25,2024-04-29,2024-02-15,3007 Lexington Ave,Syracuse,NY,10004,2134718454,[],False,UCSF School of Medicine,2025-09-02
060NY176066,"Priya D Lee, DO",Priya D,Lee,Physician,060,Radiology,Expired,2019-11-04,2023-01-20,2021-03-03,2145 Columbus Ave,Buffalo,NY,11203,(929) 270-5002,"[{""action_type"": ""Suspension"", ""action_date"": ""2023-03-15"", ""description"": ""Disciplinary action related to patient care""}]",False,UCSF School of Medicine,2025-09-02
060NY255287,"William Q Lewis, DO PhD",William Q,Lewis,Physician,060,Dermatology,Expired,2018-06-20,2025-05-30,2024-11-17,1833 Fifth Ave,Queens,NY,14201,3236163532,[],True,UCLA David Geffen School of Medicine,2025-09-02
060NY786508,"Jennifer O Lopez, MD PhD",Jennifer O,Lopez,Physician,060,Pulmonology,Expired,2021-01-18,2024-10-21,2024-06-20,7 Lexington Ave,Buffalo,NY,10004,(626) 848-6491,[],True,University of Pennsylvania Perelman School of Medicine,2025-09-02
060NY907189,"David T Clark, DO PhD",David T,Clark,Physician,060,Otolaryngology,Expired,2020-01-14,2023-02-10,2021-12-29,7634 Second Ave,New York,NY,10004,(424) 425-8999,[],False,UCSF School of Medicine,2025-09-02
060NY907189,"Dave Clark, DO PhD",Dave,Clark,Physician,060,Otolaryngology,Expired,2019-10-07,2023-02-10,2022-03-29,7634 Second Ave,New York,NY,10004,(424) 425-8999,[],False,UCSF School of Medicine,2025-09-02
060NY756451,"Li Kumar, MD PhD",Li,Kumar,Physician,060,Internal Medicine,Expired,2023-05-06,2025-08-04,2022-12-28,3666 Broadway,Syracuse,NY,13189,(718) 256-2913,[],False,Johns Hopkins School of Medicine,2025-09-02
060NY800779,"Christopher Jones, MD",Christopher,Jones,Physician,060,Neurology,Inactive,2016-10-23,2026-07-19,2025-07-12,786 Fifth Ave,Rochester,NY,10656,(347) 844-2198,[],False,Harvard Medical School,2025-09-02
060NY760117,"Elizabeth Clark, DO",Elizabeth,Clark,Physician,060,Endocrinology,Active,2021-06-23,2027-02-26,2023-05-14,2354 Broadway,Rochester,NY,10137,(310) 651-8253,[],False,Stanford University School of Medicine,2025-09-02
060NY246518,"William Brown, DO PhD",William,Brown,Physician,060,Oncology,Active,2019-01-21,2025-05-26,2024-11-26,5646 Broadway,Syracuse,NY,13884,(213) 248-3637,[],True,Stanford University School of Medicine,2025-09-02
060NY170420,"John Sanchez, MD PhD",John,Sanchez,Physician,060,Neurology,Active,2021-06-13,2025-10-22,2023-02-16,3803 Fifth Ave,Buffalo,NY,11659,(929) 610-2781,[],False,Johns Hopkins School of Medicine,2025-09-02
060NY111158,"Fatima Garcia, DO PhD",Fatima,Garcia,Physician,060,Neurology,Active,2021-10-31,2025-03-29,2025-03-26,9879 Madison Ave,Syracuse,NY,11949,(323) 885-6206,[],True,Stanford University School of Medicine,2025-09-02
060NY494244,"Barbara Sharma, MD PhD",Barbara,Sharma,Physician,060,Cardiology,Active,2021-07-16,2025-11-22,2023-03-01,1218 Columbus Ave,Albany,NY,10402,(818) 372-6292,[],True,Harvard Medical School,2025-09-02
060NY635055,"Li Sanchez, MD PhD",Li,Sanchez,Physician,060,Internal Medicine,Active,2022-08-12,2027-02-02,2024-02-16,4666 Broadway,New York,NY,13263,(310) 747-2774,[],True,Stanford University School of Medicine,2025-09-02
060NY295714,"Maria Shah, DO",Maria,Shah,Physician,060,Pediatrics,Active,2023-07-08,2025-07-29,2025-02-26,8054 Amsterdam Ave,Rochester,NY,14255,(213) 375-9947,[],False,Johns Hopkins School of Medicine,2025-09-02
060NY345224,"Wei Shah, DO PhD",Wei,Shah,Physician,060,Gastroenterology,Expired,2021-01-28,2026-01-12,2025-01-10,8443 Madison Ave,Rochester,NY,11875,(424) 968-8366,[],True,Stanford University School of Medicine,2025-09-02
060NY522346,"Ana Zhang, DO PhD",Ana,Zhang,Physician,060,Cardiology,Active,2018-08-03,2027-05-09,2025-04-30,6598 First Ave,Buffalo,NY,10126,(929) 982-1036,[],False,Johns Hopkins School of Medicine,2025-09-02
060NY289214,"Robert Garcia, DO",Robert,Garcia,Physician,060,Psychiatry,Active,2016-08-13,2026-08-18,2023-11-01,2609 Fifth Ave,Albany,NY,13664,(718) 903-5340,[],False,Johns Hopkins School of Medicine,2025-09-02
060NY176287,"Robert Jones, DO",Robert,Jones,Physician,060,Otolaryngology,Active,2022-02-12,2026-07-04,2023-06-11,7483 Amsterdam Ave,Rochester,NY,11926,(213) 838-9877,[],False,Johns Hopkins School of Medicine,2025-09-02
060NY233037,"Li Johnson, DO",Li,Johnson,Physician,060,Internal Medicine,Active,2019-12-18,2024-11-10,2024-05-20,8885 Second Ave,Buffalo,NY,12442,(424) 545-9391,[],True,Johns Hopkins School of Medicine,2025-09-02
060NY573813,"David Jackson, MD PhD",David,Jackson,Physician,060,Ophthalmology,Active,2017-12-25,2027-03-28,2025-06-21,7232 Fifth Ave,Syracuse,NY,13666,(213) 689-4211,[],True,Harvard Medical School,2025-09-02
060NY388253,"Fatima Yang, DO PhD",Fatima,Yang,Physician,060,Oncology,Active,2022-10-19,2025-01-10,2023-02-01,8109 Amsterdam Ave,Buffalo,NY,14707,(213) 717-9146,[],True,Harvard Medical School,2025-09-02
060NY617899,"Mary Singh, DO",Mary,Singh,Physician,060,Internal Medicine,Expired,2016-06-17,2027-08-27,2023-11-21,8592 Broadway,Buffalo,NY,13020,(212) 912-5412,[],True,Johns Hopkins School of Medicine,2025-09-02
060NY499443,"Mohammed White, DO PhD",Mohammed,White,Physician,060,Urology,Active,2019-12-14,2027-03-26,2025-06-16,502 Columbus Ave,Buffalo,NY,12806,(929) 474-5115,[],True,Johns Hopkins School of Medicine,2025-09-02
060NY305633,"Jennifer Robinson, DO PhD",Jennifer,Robinson,Physician,060,Dermatology,Expired,2019-09-19,2026-04-27,2024-08-18,4041 Columbus Ave,Rochester,NY,13206,(917) 399-9948,[],True,Stanford University School of Medicine,2025-09-02
060NY183473,"Jennifer Hernandez, MD PhD",Jennifer,Hernandez,Physician,060,Radiology,Inactive,2021-07-31,2027-08-29,2023-10-12,7919 Madison Ave,Buffalo,NY,13306,(424) 426-4641,[],False,Johns Hopkins School of Medicine,2025-09-02
060NY334412,"Karen White, MD",Karen,White,Physician,060,Endocrinology,Active,2022-06-25,2026-11-12,2023-08-08,5994 Broadway,Albany,NY,12657,(212) 824-6250,[],False,Johns Hopkins School of Medicine,2025-09-02
060NY107971,"Charles Taylor, DO",Charles,Taylor,Physician,060,Neurology,Expired,2020-03-27,2025-05-05,2022-10-19,9453 Fifth Ave,Buffalo,NY,10384,(917) 734-6465,[],True,Stanford University School of Medicine,2025-09-02
060NY979296,"Ana Williams, MD",Ana,Williams,Physician,060,Pathology,Active,2021-04-26,2026-11-18,2023-12-13,1446 Third Ave,Rochester,NY,11657,(718) 421-3842,[],False,Johns Hopkins School of Medicine,2025-09-02
060NY598970,"Mohammed Wilson, DO PhD",Mohammed,Wilson,Physician,060,Endocrinology,Active,2022-08-01,2026-01-02,2023-04-14,7330 Third Ave,Rochester,NY,11226,(818) 858-2787,[],False,Harvard Medical School,2025-09-02
060NY578814,"Michael Thompson, DO",Michael,Thompson,Physician,060,Oncology,Active,2016-10-08,2027-08-21,2024-12-27,9695 York Ave,Buffalo,NY,13915,(212) 478-6914,[],True,Harvard Medical School,2025-09-02
060NY521730,"Li Kumar, MD PhD",Li,Kumar,Physician,060,Orthopedic Surgery,Active,2022-02-20,2026-07-11,2023-04-10,6818 Broadway,Syracuse,NY,14414,(310) 486-5893,[],True,Harvard Medical School,2025-09-02
060NY876787,"Barbara Perez, MD PhD",Barbara,Perez,Physician,060,Emergency Medicine,Active,2017-08-08,2026-07-29,2023-04-22,5960 Third Ave,Rochester,NY,10972,(718) 909-8014,[],False,Harvard Medical School,2025-09-02
060NY144957,"Robert Smith, MD",Robert,Smith,Physician,060,Dermatology,Active,2020-03-26,2026-10-04,2024-05-20,9607 Columbus Ave,Buffalo,NY,10948,(929) 524-2134,[],True,Harvard Medical School,2025-09-02
060NY135430,"Mary Perez, DO PhD",Mary,Perez,Physician,060,Endocrinology,Inactive,2021-05-21,2027-01-21,2024-08-25,1645 Lexington Ave,Albany,NY,13138,(213) 800-9038,[],True,Stanford University School of Medicine,2025-09-02
060NY570815,"Li Anderson, DO PhD",Li,Anderson,Physician,060,Pulmonology,Active,2020-05-23,2026-12-27,2024-10-31,105 Madison Ave,Buffalo,NY,13021,(347) 414-2140,[],True,Harvard Medical School,2025-09-02
060NY872848,"Ahmed Sharma, MD",Ahmed,Sharma,Physician,060,Dermatology,Active,2021-07-16,2025-01-08,2024-12-18,3280 Amsterdam Ave,Albany,NY,10758,(212) 586-1132,[],True,Johns Hopkins School of Medicine,2025-09-02
060NY613317,"Joseph Clark, MD PhD",Joseph,Clark,Physician,060,Orthopedic Surgery,Active,2021-05-21,2027-04-08,2023-09-27,397 York Ave,New York,NY,13735,(646) 385-6735,[],False,Stanford University School of Medicine,2025-09-02
060NY689343,"Mary Taylor, MD PhD",Mary,Taylor,Physician,060,Emergency Medicine,Active,2018-04-01,2025-06-06,2023-07-19,2536 Amsterdam Ave,Albany,NY,13715,(213) 873-4950,[],True,Stanford University School of Medicine,2025-09-02
060NY853180,"Michael Chen, DO",Michael,Chen,Physician,060,Pulmonology,Inactive,2022-04-26,2027-04-20,2024-09-08,1038 First Ave,Buffalo,NY,14624,(626) 796-4049,[],True,Stanford University School of Medicine,2025-09-02
060NY704659,"William Lopez, DO",William,Lopez,Physician,060,Otolaryngology,Active,2016-10-11,2025-11-14,2023-05-13,2805 Fifth Ave,Albany,NY,10617,(626) 510-4871,[],True,Harvard Medical School,2025-09-02
060NY785055,"Mohammed Hernandez, MD PhD",Mohammed,Hernandez,Physician,060,Pathology,Expired,2015-10-18,2026-01-15,2024-07-13,5247 York Ave,Syracuse,NY,13793,(818) 961-9078,[],True,Harvard Medical School,2025-09-02
060NY359140,"Ana Sanchez, MD PhD",Ana,Sanchez,Physician,060,Family Medicine,Active,2017-04-09,2026-07-15,2024-03-17,4160 Amsterdam Ave,New York,NY,11478,(310) 818-8189,[],True,Harvard Medical School,2025-09-02
060NY173277,"Sarah Lopez, DO PhD",Sarah,Lopez,Physician,060,Orthopedic Surgery,Active,2023-01-19,2026-07-12,2024-04-16,9764 First Ave,Buffalo,NY,14016,(818) 534-3265,[],True,Harvard Medical School,2025-09-02
060NY241260,"Robert Johnson, MD",Robert,Johnson,Physician,060,Pathology,Active,2019-03-22,2024-12-22,2024-08-13,2839 Broadway,Syracuse,NY,14969,(626) 676-9497,[],False,Stanford University School of Medicine,2025-09-02
060NY799764,"Priya Wilson, MD PhD",Priya,Wilson,Physician,060,Endocrinology,Inactive,2019-09-01,2025-09-15,2024-05-06,8766 Second Ave,Rochester,NY,11935,(213) 860-2343,[],False,Harvard Medical School,2025-09-02
060NY975753,"Elizabeth Jones, MD PhD",Elizabeth,Jones,Physician,060,Orthopedic Surgery,Active,2021-04-26,2025-03-12,2025-07-18,2445 Columbus Ave,New York,NY,10757,(347) 403-8831,[],False,Johns Hopkins School of Medicine,2025-09-02
060NY159442,"Li Kumar, DO",Li,Kumar,Physician,060,Urology,Active,2021-06-21,2024-09-12,2023-05-05,7703 Fifth Ave,Albany,NY,10943,(646) 607-1793,[],True,Johns Hopkins School of Medicine,2025-09-02
060NY265050,"Robert Davis, DO",Robert,Davis,Physician,060,Cardiology,Active,2015-12-21,2027-04-02,2023-05-17,7645 Columbus Ave,New York,NY,10949,(718) 591-7597,[],True,Harvard Medical School,2025-09-02
060NY226832,"Fatima Lopez, MD",Fatima,Lopez,Physician,060,Urology,Active,2023-04-26,2027-03-05,2024-11-28,5619 Columbus Ave,Buffalo,NY,11753,(212) 500-4153,[],False,Stanford University School of Medicine,2025-09-02
060NY792413,"Mary Wilson, MD",Mary,Wilson,Physician,060,Orthopedic Surgery,Active,2018-07-26,2026-05-12,2022-10-02,1698 Madison Ave,New York,NY,14574,(626) 604-9598,[],True,Stanford University School of Medicine,2025-09-02
060NY241174,"Li Smith, MD PhD",Li,Smith,Physician,060,Dermatology,Active,2016-12-26,2026-04-12,2023-07-26,2111 Broadway,Rochester,NY,13117,(718) 959-1020,[],True,Johns Hopkins School of Medicine,2025-09-02
060NY234430,"Priya Wang, MD PhD",Priya,Wang,Physician,060,Otolaryngology,Inactive,2018-02-08,2024-10-06,2025-02-15,3750 First Ave,Rochester,NY,14503,(929) 752-7007,[],False,Stanford University School of Medicine,2025-09-02
060NY987454,"Carlos Rodriguez, DO",Carlos,Rodriguez,Physician,060,Family Medicine,Active,2020-10-06,2025-02-02,2024-10-18,421 Madison Ave,Rochester,NY,11326,(310) 436-9107,[],False,Harvard Medical School,2025-09-02
060NY564639,"William Liu, MD",William,Liu,Physician,060,Pediatrics,Active,2018-11-02,2027-01-22,2025-07-19,6756 Park Ave,Albany,NY,10876,(929) 527-5277,[],True,Johns Hopkins School of Medicine,2025-09-02
060NY835262,"Rajesh Smith, DO",Rajesh,Smith,Physician,060,Anesthesiology,Active,2023-04-24,2026-01-26,2025-05-05,2043 Broadway,Albany,NY,13698,(929) 633-6050,[],True,Stanford University School of Medicine,2025-09-02
